metric	value	dataset	method	nfeatures
1	ARI	0.962576538055326	Cell_line_mixing	Signac	25000
2	AMI	0.942211737888384	Cell_line_mixing	Signac	25000
3	MI	2.08882932020365	Cell_line_mixing	Signac	25000
4	VI	0.190805042718551	Cell_line_mixing	Signac	25000
5	AW	0.936293653658046	Cell_line_mixing	Signac	25000
6	AV	0.990377624292793	Cell_line_mixing	Signac	25000
7	AW2	0.944495277838155	Cell_line_mixing	Signac	25000
8	AV2	0.902137625726059	Cell_line_mixing	Signac	25000
9	ARI2	0.922830656611614	Cell_line_mixing	Signac	25000
10	ARI	0.966933310807947	Cell_line_mixing	ArchR	25000
11	AMI	0.950674209256089	Cell_line_mixing	ArchR	25000
12	MI	2.13175279889931	Cell_line_mixing	ArchR	25000
13	VI	0.130371204900054	Cell_line_mixing	ArchR	25000
14	AW	0.938185180412132	Cell_line_mixing	ArchR	25000
15	AV	0.997498950180858	Cell_line_mixing	ArchR	25000
16	AW2	0.951173611107769	Cell_line_mixing	ArchR	25000
17	AV2	0.945987813964391	Cell_line_mixing	ArchR	25000
18	ARI2	0.948573624975777	Cell_line_mixing	ArchR	25000
19	ARI	0.564200187333629	Cell_line_mixing	SnapATAC1	25000
20	AMI	0.553482187798818	Cell_line_mixing	SnapATAC1	25000
21	MI	1.19145389926295	Cell_line_mixing	SnapATAC1	25000
22	VI	1.47507570560163	Cell_line_mixing	SnapATAC1	25000
23	AW	0.762971361596038	Cell_line_mixing	SnapATAC1	25000
24	AV	0.447592332763409	Cell_line_mixing	SnapATAC1	25000
25	AW2	0.571659781164654	Cell_line_mixing	SnapATAC1	25000
26	AV2	0.588103322297352	Cell_line_mixing	SnapATAC1	25000
27	ARI2	0.579764980491508	Cell_line_mixing	SnapATAC1	25000
28	ARI	0.967093483228037	Cell_line_mixing	aggregation	25000
29	AMI	0.953878233904304	Cell_line_mixing	aggregation	25000
30	MI	2.13356824474611	Cell_line_mixing	aggregation	25000
31	VI	0.121121776715076	Cell_line_mixing	aggregation	25000
32	AW	0.939006155318509	Cell_line_mixing	aggregation	25000
33	AV	0.996912903976925	Cell_line_mixing	aggregation	25000
34	AW2	0.962162571930467	Cell_line_mixing	aggregation	25000
35	AV2	0.977330110913943	Cell_line_mixing	aggregation	25000
36	ARI2	0.969687033583395	Cell_line_mixing	aggregation	25000
37	ARI	0.549955806244549	Cell_line_mixing	SnapATAC2	25000
38	AMI	0.660698118066638	Cell_line_mixing	SnapATAC2	25000
39	MI	1.4221000931697	Cell_line_mixing	SnapATAC2	25000
40	VI	0.915656339195435	Cell_line_mixing	SnapATAC2	25000
41	AW	0.92175507822556	Cell_line_mixing	SnapATAC2	25000
42	AV	0.391885008252335	Cell_line_mixing	SnapATAC2	25000
43	AW2	0.876102803312855	Cell_line_mixing	SnapATAC2	25000
44	AV2	0.797065748207979	Cell_line_mixing	SnapATAC2	25000
45	ARI2	0.834717501467423	Cell_line_mixing	SnapATAC2	25000
46	ARI	0.973155368622956	candidate1	Signac	25000
47	AMI	0.953428035392731	candidate1	Signac	25000
48	MI	2.26212538164395	candidate1	Signac	25000
49	VI	0.15257792860916	candidate1	Signac	25000
50	AW	0.989283189064174	candidate1	Signac	25000
51	AV	0.957544961636982	candidate1	Signac	25000
52	AW2	0.958026267958931	candidate1	Signac	25000
53	AV2	0.915383067770374	candidate1	Signac	25000
54	ARI2	0.936219338127141	candidate1	Signac	25000
55	ARI	0.978115830239427	candidate1	ArchR	25000
56	AMI	0.968669675006349	candidate1	ArchR	25000
57	MI	2.29824999623151	candidate1	ArchR	25000
58	VI	0.102877222510291	candidate1	ArchR	25000
59	AW	0.991365955309649	candidate1	ArchR	25000
60	AV	0.96521522339374	candidate1	ArchR	25000
61	AW2	0.981870252942285	candidate1	ArchR	25000
62	AV2	0.957149225133656	candidate1	ArchR	25000
63	ARI2	0.969352151859805	candidate1	ArchR	25000
64	ARI	0.245880161385594	candidate1	SnapATAC1	25000
65	AMI	0.405449428021838	candidate1	SnapATAC1	25000
66	MI	0.962450251230238	candidate1	SnapATAC1	25000
67	VI	1.56638692124755	candidate1	SnapATAC1	25000
68	AW	0.861457913521021	candidate1	SnapATAC1	25000
69	AV	0.143405752297327	candidate1	SnapATAC1	25000
70	AW2	0.790887165889099	candidate1	SnapATAC1	25000
71	AV2	0.664349959387012	candidate1	SnapATAC1	25000
72	ARI2	0.722117168964391	candidate1	SnapATAC1	25000
73	ARI	0.981060784669207	candidate1	aggregation	25000
74	AMI	0.970952876297193	candidate1	aggregation	25000
75	MI	2.30365933685102	candidate1	aggregation	25000
76	VI	0.0916190857030195	candidate1	aggregation	25000
77	AW	0.994884541013785	candidate1	aggregation	25000
78	AV	0.96761592129096	candidate1	aggregation	25000
79	AW2	0.977730863584714	candidate1	aggregation	25000
80	AV2	0.952681059874405	candidate1	aggregation	25000
81	ARI2	0.965043433551428	candidate1	aggregation	25000
82	ARI	0.830581930918329	candidate1	SnapATAC2	25000
83	AMI	0.848652253141482	candidate1	SnapATAC2	25000
84	MI	2.01395727112438	candidate1	SnapATAC2	25000
85	VI	0.629115983771089	candidate1	SnapATAC2	25000
86	AW	0.869652572025597	candidate1	SnapATAC2	25000
87	AV	0.794870981683068	candidate1	SnapATAC2	25000
88	AW2	0.864518690520635	candidate1	SnapATAC2	25000
89	AV2	0.841602006920767	candidate1	SnapATAC2	25000
90	ARI2	0.852906439800891	candidate1	SnapATAC2	25000
91	ARI	0.934971173534142	candidate2	Signac	25000
92	AMI	0.92461568763961	candidate2	Signac	25000
93	MI	1.95349117158476	candidate2	Signac	25000
94	VI	0.247638410325973	candidate2	Signac	25000
95	AW	0.968873391051436	candidate2	Signac	25000
96	AV	0.903361314033473	candidate2	Signac	25000
97	AW2	0.952151417644582	candidate2	Signac	25000
98	AV2	0.952288098265637	candidate2	Signac	25000
99	ARI2	0.952219753050361	candidate2	Signac	25000
100	ARI	0.928977961728583	candidate2	ArchR	25000
101	AMI	0.931407775750362	candidate2	ArchR	25000
102	MI	1.96782386735003	candidate2	ArchR	25000
103	VI	0.220647720159656	candidate2	ArchR	25000
104	AW	0.961463298876805	candidate2	ArchR	25000
105	AV	0.898616068572103	candidate2	ArchR	25000
106	AW2	0.967055614809452	candidate2	ArchR	25000
107	AV2	0.947742416216398	candidate2	ArchR	25000
108	ARI2	0.957301616300619	candidate2	ArchR	25000
109	ARI	0	candidate2	SnapATAC1	25000
110	AMI	0	candidate2	SnapATAC1	25000
111	MI	0	candidate2	SnapATAC1	25000
112	VI	2.11256756774508	candidate2	SnapATAC1	25000
113	AW	NA	candidate2	SnapATAC1	25000
114	AV	0	candidate2	SnapATAC1	25000
115	AW2	NA	candidate2	SnapATAC1	25000
116	AV2	0	candidate2	SnapATAC1	25000
117	ARI2	NA	candidate2	SnapATAC1	25000
118	ARI	0.986161924697018	candidate2	aggregation	25000
119	AMI	0.980998464240423	candidate2	aggregation	25000
120	MI	2.0755283490645	candidate2	aggregation	25000
121	VI	0.0771898396998054	candidate2	aggregation	25000
122	AW	0.983998526923246	candidate2	aggregation	25000
123	AV	0.988334856230152	candidate2	aggregation	25000
124	AW2	0.980706768707937	candidate2	aggregation	25000
125	AV2	0.970773097513591	candidate2	aggregation	25000
126	ARI2	0.975714650292042	candidate2	aggregation	25000
127	ARI	0.608889470369807	candidate2	SnapATAC2	25000
128	AMI	0.69593915172809	candidate2	SnapATAC2	25000
129	MI	1.47075737159965	candidate2	SnapATAC2	25000
130	VI	0.786800808397961	candidate2	SnapATAC2	25000
131	AW	0.927542198583722	candidate2	SnapATAC2	25000
132	AV	0.453196097895044	candidate2	SnapATAC2	25000
133	AW2	0.929054544937053	candidate2	SnapATAC2	25000
134	AV2	0.780141696838167	candidate2	SnapATAC2	25000
135	ARI2	0.848111143035994	candidate2	SnapATAC2	25000
136	ARI	0.412854002466274	Buenrostro_2018	Signac	25000
137	AMI	0.569088823150389	Buenrostro_2018	Signac	25000
138	MI	1.2727402413381	Buenrostro_2018	Signac	25000
139	VI	1.63810113156927	Buenrostro_2018	Signac	25000
140	AW	0.348332112672212	Buenrostro_2018	Signac	25000
141	AV	0.506712920506738	Buenrostro_2018	Signac	25000
142	AW2	0.54097295670295	Buenrostro_2018	Signac	25000
143	AV2	0.665869474058752	Buenrostro_2018	Signac	25000
144	ARI2	0.596958424692524	Buenrostro_2018	Signac	25000
145	ARI	0.505416571892603	Buenrostro_2018	ArchR	25000
146	AMI	0.622927233673132	Buenrostro_2018	ArchR	25000
147	MI	1.23194024732402	Buenrostro_2018	ArchR	25000
148	VI	1.4267242075587	Buenrostro_2018	ArchR	25000
149	AW	0.516677940890455	Buenrostro_2018	ArchR	25000
150	AV	0.494635630964154	Buenrostro_2018	ArchR	25000
151	AW2	0.61013327719119	Buenrostro_2018	ArchR	25000
152	AV2	0.629599081214922	Buenrostro_2018	ArchR	25000
153	ARI2	0.619713356892772	Buenrostro_2018	ArchR	25000
154	ARI	0.128804981713983	Buenrostro_2018	SnapATAC1	25000
155	AMI	0.140728483010496	Buenrostro_2018	SnapATAC1	25000
156	MI	0.278609156296269	Buenrostro_2018	SnapATAC1	25000
157	VI	2.06284768183392	Buenrostro_2018	SnapATAC1	25000
158	AW	0.43265520172595	Buenrostro_2018	SnapATAC1	25000
159	AV	0.0756656281161786	Buenrostro_2018	SnapATAC1	25000
160	AW2	0.583624532449848	Buenrostro_2018	SnapATAC1	25000
161	AV2	0.0518636328945982	Buenrostro_2018	SnapATAC1	25000
162	ARI2	0.0952618479774652	Buenrostro_2018	SnapATAC1	25000
163	ARI	0.599929690947798	Buenrostro_2018	aggregation	25000
164	AMI	0.668866140048183	Buenrostro_2018	aggregation	25000
165	MI	1.32101668743889	Buenrostro_2018	aggregation	25000
166	VI	1.23994756971917	Buenrostro_2018	aggregation	25000
167	AW	0.635588070183563	Buenrostro_2018	aggregation	25000
168	AV	0.568059845746952	Buenrostro_2018	aggregation	25000
169	AW2	0.63537325472342	Buenrostro_2018	aggregation	25000
170	AV2	0.638872661418954	Buenrostro_2018	aggregation	25000
171	ARI2	0.637118152936218	Buenrostro_2018	aggregation	25000
172	ARI	0.392769357314014	Buenrostro_2018	SnapATAC2	25000
173	AMI	0.522440547411398	Buenrostro_2018	SnapATAC2	25000
174	MI	1.03790323212076	Buenrostro_2018	SnapATAC2	25000
175	VI	1.67338782442679	Buenrostro_2018	SnapATAC2	25000
176	AW	0.436713847115777	Buenrostro_2018	SnapATAC2	25000
177	AV	0.35686017257456	Buenrostro_2018	SnapATAC2	25000
178	AW2	0.545346050564373	Buenrostro_2018	SnapATAC2	25000
179	AV2	0.640043593936583	Buenrostro_2018	SnapATAC2	25000
180	ARI2	0.588912258111196	Buenrostro_2018	SnapATAC2	25000
181	ARI	0.442944628780465	Chen_2019	Signac	25000
182	AMI	0.398857453417624	Chen_2019	Signac	25000
183	MI	0.807648789814126	Chen_2019	Signac	25000
184	VI	1.79393162425032	Chen_2019	Signac	25000
185	AW	0.620904898375354	Chen_2019	Signac	25000
186	AV	0.344271475019534	Chen_2019	Signac	25000
187	AW2	0.558930575950988	Chen_2019	Signac	25000
188	AV2	0.350734442575041	Chen_2019	Signac	25000
189	ARI2	0.431007458793925	Chen_2019	Signac	25000
190	ARI	0.269877066579655	Chen_2019	ArchR	25000
191	AMI	0.293313856435138	Chen_2019	ArchR	25000
192	MI	0.593484566451644	Chen_2019	ArchR	25000
193	VI	1.66890585700021	Chen_2019	ArchR	25000
194	AW	0.810521050383235	Chen_2019	ArchR	25000
195	AV	0.161890692805069	Chen_2019	ArchR	25000
196	AW2	0.59232936953976	Chen_2019	ArchR	25000
197	AV2	0.131264111398565	Chen_2019	ArchR	25000
198	ARI2	0.214904059796349	Chen_2019	ArchR	25000
199	ARI	0.00254521565032627	Chen_2019	SnapATAC1	25000
200	AMI	0.0013000858149046	Chen_2019	SnapATAC1	25000
201	MI	0.020092768324198	Chen_2019	SnapATAC1	25000
202	VI	4.31745545677891	Chen_2019	SnapATAC1	25000
203	AW	0.00227028246341811	Chen_2019	SnapATAC1	25000
204	AV	0.00289591327422131	Chen_2019	SnapATAC1	25000
205	AW2	-0.0128272961551444	Chen_2019	SnapATAC1	25000
206	AV2	-0.00217827618872207	Chen_2019	SnapATAC1	25000
207	ARI2	-0.00372413569307914	Chen_2019	SnapATAC1	25000
208	ARI	0.53945240464005	Chen_2019	aggregation	25000
209	AMI	0.540276554223106	Chen_2019	aggregation	25000
210	MI	1.09230439108054	Chen_2019	aggregation	25000
211	VI	1.19040057850954	Chen_2019	aggregation	25000
212	AW	0.839123735365809	Chen_2019	aggregation	25000
213	AV	0.397496731687831	Chen_2019	aggregation	25000
214	AW2	0.721001703908321	Chen_2019	aggregation	25000
215	AV2	0.540246264715121	Chen_2019	aggregation	25000
216	ARI2	0.617671523887311	Chen_2019	aggregation	25000
217	ARI	0.429450429670736	Chen_2019	SnapATAC2	25000
218	AMI	0.407156370883954	Chen_2019	SnapATAC2	25000
219	MI	0.824324069673714	Chen_2019	SnapATAC2	25000
220	VI	1.75884743809236	Chen_2019	SnapATAC2	25000
221	AW	0.64068092812279	Chen_2019	SnapATAC2	25000
222	AV	0.322968669372585	Chen_2019	SnapATAC2	25000
223	AW2	0.487180947910312	Chen_2019	SnapATAC2	25000
224	AV2	0.341730146388565	Chen_2019	SnapATAC2	25000
225	ARI2	0.401694265626712	Chen_2019	SnapATAC2	25000
226	ARI	0.714567525585688	PBMC_multiomics	Signac	25000
227	AMI	0.698270544774397	PBMC_multiomics	Signac	25000
228	MI	1.57535357306338	PBMC_multiomics	Signac	25000
229	VI	0.797149245162569	PBMC_multiomics	Signac	25000
230	AW	0.964287856507072	PBMC_multiomics	Signac	25000
231	AV	0.56758166436764	PBMC_multiomics	Signac	25000
232	AW2	0.901446493958806	PBMC_multiomics	Signac	25000
233	AV2	0.650890531424586	PBMC_multiomics	Signac	25000
234	ARI2	0.755947939022797	PBMC_multiomics	Signac	25000
235	ARI	0.715476752539364	PBMC_multiomics	ArchR	25000
236	AMI	0.775522424866648	PBMC_multiomics	ArchR	25000
237	MI	1.7499513018284	PBMC_multiomics	ArchR	25000
238	VI	0.958114070109501	PBMC_multiomics	ArchR	25000
239	AW	0.686761165113042	PBMC_multiomics	ArchR	25000
240	AV	0.746698503639446	PBMC_multiomics	ArchR	25000
241	AW2	0.769696538094794	PBMC_multiomics	ArchR	25000
242	AV2	0.651765674598962	PBMC_multiomics	ArchR	25000
243	ARI2	0.705839070371291	PBMC_multiomics	ArchR	25000
244	ARI	0.511823713235118	PBMC_multiomics	SnapATAC1	25000
245	AMI	0.531269852244431	PBMC_multiomics	SnapATAC1	25000
246	MI	1.19920242227034	PBMC_multiomics	SnapATAC1	25000
247	VI	1.32824262563153	PBMC_multiomics	SnapATAC1	25000
248	AW	0.798957776138948	PBMC_multiomics	SnapATAC1	25000
249	AV	0.37651101039661	PBMC_multiomics	SnapATAC1	25000
250	AW2	0.817221250989306	PBMC_multiomics	SnapATAC1	25000
251	AV2	0.472957894942144	PBMC_multiomics	SnapATAC1	25000
252	ARI2	0.599159029641336	PBMC_multiomics	SnapATAC1	25000
253	ARI	0.65176219124947	PBMC_multiomics	aggregation	25000
254	AMI	0.775584529897763	PBMC_multiomics	aggregation	25000
255	MI	1.74949762684666	PBMC_multiomics	aggregation	25000
256	VI	0.903333973350502	PBMC_multiomics	aggregation	25000
257	AW	0.601209476131537	PBMC_multiomics	aggregation	25000
258	AV	0.711596830014687	PBMC_multiomics	aggregation	25000
259	AW2	0.851289655879641	PBMC_multiomics	aggregation	25000
260	AV2	0.682989972013023	PBMC_multiomics	aggregation	25000
261	ARI2	0.757909168151827	PBMC_multiomics	aggregation	25000
262	ARI	0.490565269199195	PBMC_multiomics	SnapATAC2	25000
263	AMI	0.544860094883844	PBMC_multiomics	SnapATAC2	25000
264	MI	1.22977696216052	PBMC_multiomics	SnapATAC2	25000
265	VI	1.1314583458159	PBMC_multiomics	SnapATAC2	25000
266	AW	0.934788531042272	PBMC_multiomics	SnapATAC2	25000
267	AV	0.332538698900886	PBMC_multiomics	SnapATAC2	25000
268	AW2	0.906527146827224	PBMC_multiomics	SnapATAC2	25000
269	AV2	0.538667115190698	PBMC_multiomics	SnapATAC2	25000
270	ARI2	0.675779548614647	PBMC_multiomics	SnapATAC2	25000
271	Silhouette_label	0.178015401707473	Cell_line_mixing	Signac	25000
272	FNS	0.0976945560277184	Cell_line_mixing	Signac	25000
273	cLISI_label	1.02221829660147	Cell_line_mixing	Signac	25000
274	log_geary_c_knn	-1.97991611458713	Cell_line_mixing	Signac	25000
275	avg_pwc_snn	0.00653169324956025	Cell_line_mixing	Signac	25000
276	Silhouette_label	0.381386565143813	Cell_line_mixing	ArchR	25000
277	FNS	0.0410345722307311	Cell_line_mixing	ArchR	25000
278	cLISI_label	1.00603540442742	Cell_line_mixing	ArchR	25000
279	log_geary_c_knn	-2.64099584145254	Cell_line_mixing	ArchR	25000
280	avg_pwc_snn	0.00169942618228625	Cell_line_mixing	ArchR	25000
281	Silhouette_label	0.1001334376937	Cell_line_mixing	SnapATAC1	25000
282	FNS	0.401442743998748	Cell_line_mixing	SnapATAC1	25000
283	cLISI_label	1.69763685706191	Cell_line_mixing	SnapATAC1	25000
284	log_geary_c_knn	-0.873566983774232	Cell_line_mixing	SnapATAC1	25000
285	avg_pwc_snn	0.388753579813684	Cell_line_mixing	SnapATAC1	25000
286	Silhouette_label	0.476290342922601	Cell_line_mixing	aggregation	25000
287	FNS	0.00860156774093167	Cell_line_mixing	aggregation	25000
288	cLISI_label	1.00488565183923	Cell_line_mixing	aggregation	25000
289	log_geary_c_knn	-1.58354920668131	Cell_line_mixing	aggregation	25000
290	avg_pwc_snn	0.00153320313994639	Cell_line_mixing	aggregation	25000
291	Silhouette_label	0.20589907593027	Cell_line_mixing	SnapATAC2	25000
292	FNS	0.259105449936997	Cell_line_mixing	SnapATAC2	25000
293	cLISI_label	1.28670029108233	Cell_line_mixing	SnapATAC2	25000
294	log_geary_c_knn	-0.32791043390329	Cell_line_mixing	SnapATAC2	25000
295	avg_pwc_snn	0.142684869337566	Cell_line_mixing	SnapATAC2	25000
296	Silhouette_label	0.268287327411798	candidate1	Signac	25000
297	FNS	0.149073241356156	candidate1	Signac	25000
298	cLISI_label	1.05314402189508	candidate1	Signac	25000
299	log_geary_c_knn	-2.33346869430074	candidate1	Signac	25000
300	avg_pwc_snn	0.0430508584382943	candidate1	Signac	25000
301	Silhouette_label	0.240308487230789	candidate1	ArchR	25000
302	FNS	0.217894772634107	candidate1	ArchR	25000
303	cLISI_label	1.02130136765237	candidate1	ArchR	25000
304	log_geary_c_knn	-3.91841559548194	candidate1	ArchR	25000
305	avg_pwc_snn	0.0161759906576011	candidate1	ArchR	25000
306	Silhouette_label	0.0168261920963422	candidate1	SnapATAC1	25000
307	FNS	0.606388673878905	candidate1	SnapATAC1	25000
308	cLISI_label	2.0715850370969	candidate1	SnapATAC1	25000
309	log_geary_c_knn	-1.21333452483925	candidate1	SnapATAC1	25000
310	avg_pwc_snn	0.5551147737317	candidate1	SnapATAC1	25000
311	Silhouette_label	0.41721988156756	candidate1	aggregation	25000
312	FNS	0.0355027090927904	candidate1	aggregation	25000
313	cLISI_label	1.02135895166569	candidate1	aggregation	25000
314	log_geary_c_knn	-2.1799842223403	candidate1	aggregation	25000
315	avg_pwc_snn	0.0161845814034478	candidate1	aggregation	25000
316	Silhouette_label	0.211684053485166	candidate1	SnapATAC2	25000
317	FNS	0.223744709339197	candidate1	SnapATAC2	25000
318	cLISI_label	1.22063463941556	candidate1	SnapATAC2	25000
319	log_geary_c_knn	-0.858197835039779	candidate1	SnapATAC2	25000
320	avg_pwc_snn	0.150233260467777	candidate1	SnapATAC2	25000
321	Silhouette_label	0.120232550196895	candidate2	Signac	25000
322	FNS	0.194660372411768	candidate2	Signac	25000
323	cLISI_label	1.10626785426735	candidate2	Signac	25000
324	log_geary_c_knn	-1.93468848297941	candidate2	Signac	25000
325	avg_pwc_snn	0.0576020410905077	candidate2	Signac	25000
326	Silhouette_label	0.105357406377214	candidate2	ArchR	25000
327	FNS	0.283773605868046	candidate2	ArchR	25000
328	cLISI_label	1.05610265891908	candidate2	ArchR	25000
329	log_geary_c_knn	-3.66811897288242	candidate2	ArchR	25000
330	avg_pwc_snn	0.0422609206504677	candidate2	ArchR	25000
331	Silhouette_label	-0.00500882906459796	candidate2	SnapATAC1	25000
332	FNS	0.568953745235648	candidate2	SnapATAC1	25000
333	cLISI_label	2.5560853350011	candidate2	SnapATAC1	25000
334	log_geary_c_knn	-1.05750072438533	candidate2	SnapATAC1	25000
335	avg_pwc_snn	0.683750345123946	candidate2	SnapATAC1	25000
336	Silhouette_label	0.324205631921301	candidate2	aggregation	25000
337	FNS	0.0264049795299943	candidate2	aggregation	25000
338	cLISI_label	1.02500424873989	candidate2	aggregation	25000
339	log_geary_c_knn	-2.02059304377164	candidate2	aggregation	25000
340	avg_pwc_snn	0.00991228749656536	candidate2	aggregation	25000
341	Silhouette_label	0.261584216021623	candidate2	SnapATAC2	25000
342	FNS	0.133418596994668	candidate2	SnapATAC2	25000
343	cLISI_label	1.20204481587262	candidate2	SnapATAC2	25000
344	log_geary_c_knn	-0.729166063642239	candidate2	SnapATAC2	25000
345	avg_pwc_snn	0.0695446653032807	candidate2	SnapATAC2	25000
346	Silhouette_label	0.08388789508483	Buenrostro_2018	Signac	25000
347	FNS	0.190961884795117	Buenrostro_2018	Signac	25000
348	cLISI_label	1.56682118010668	Buenrostro_2018	Signac	25000
349	log_geary_c_knn	-1.27062363726314	Buenrostro_2018	Signac	25000
350	avg_pwc_snn	0.218032022001013	Buenrostro_2018	Signac	25000
351	Silhouette_label	0.110407218197491	Buenrostro_2018	ArchR	25000
352	FNS	0.197278736094455	Buenrostro_2018	ArchR	25000
353	cLISI_label	1.45065968922504	Buenrostro_2018	ArchR	25000
354	log_geary_c_knn	-1.64333129616434	Buenrostro_2018	ArchR	25000
355	avg_pwc_snn	0.197685119122191	Buenrostro_2018	ArchR	25000
356	Silhouette_label	-0.118346532660245	Buenrostro_2018	SnapATAC1	25000
357	FNS	0.700882671204337	Buenrostro_2018	SnapATAC1	25000
358	cLISI_label	2.91194736164208	Buenrostro_2018	SnapATAC1	25000
359	log_geary_c_knn	-0.776158601404567	Buenrostro_2018	SnapATAC1	25000
360	avg_pwc_snn	0.772909810459152	Buenrostro_2018	SnapATAC1	25000
361	Silhouette_label	0.135813322179877	Buenrostro_2018	aggregation	25000
362	FNS	0.185271917588079	Buenrostro_2018	aggregation	25000
363	cLISI_label	1.39203726798348	Buenrostro_2018	aggregation	25000
364	log_geary_c_knn	-1.60828523960727	Buenrostro_2018	aggregation	25000
365	avg_pwc_snn	0.172579773479741	Buenrostro_2018	aggregation	25000
366	Silhouette_label	0.104305728210937	Buenrostro_2018	SnapATAC2	25000
367	FNS	0.23914085533685	Buenrostro_2018	SnapATAC2	25000
368	cLISI_label	1.61659188807242	Buenrostro_2018	SnapATAC2	25000
369	log_geary_c_knn	-0.476577877517858	Buenrostro_2018	SnapATAC2	25000
370	avg_pwc_snn	0.235505804841386	Buenrostro_2018	SnapATAC2	25000
371	Silhouette_label	-0.0949937603957628	Chen_2019	Signac	25000
372	FNS	0.722338193753271	Chen_2019	Signac	25000
373	cLISI_label	2.2810396659884	Chen_2019	Signac	25000
374	log_geary_c_knn	-1.02598070695304	Chen_2019	Signac	25000
375	avg_pwc_snn	0.68004784048576	Chen_2019	Signac	25000
376	Silhouette_label	-0.0754140067896473	Chen_2019	ArchR	25000
377	FNS	0.619738034180363	Chen_2019	ArchR	25000
378	cLISI_label	2.15448322854986	Chen_2019	ArchR	25000
379	log_geary_c_knn	-0.974432026237483	Chen_2019	ArchR	25000
380	avg_pwc_snn	0.67493133436308	Chen_2019	ArchR	25000
381	Silhouette_label	-0.0697417398386041	Chen_2019	SnapATAC1	25000
382	FNS	0.91375226876057	Chen_2019	SnapATAC1	25000
383	cLISI_label	4.33584528833419	Chen_2019	SnapATAC1	25000
384	log_geary_c_knn	-0.63117292185521	Chen_2019	SnapATAC1	25000
385	avg_pwc_snn	0.999787064146926	Chen_2019	SnapATAC1	25000
386	Silhouette_label	0.101655905397933	Chen_2019	aggregation	25000
387	FNS	0.384952183205985	Chen_2019	aggregation	25000
388	cLISI_label	1.52348682181888	Chen_2019	aggregation	25000
389	log_geary_c_knn	-1.3399538526468	Chen_2019	aggregation	25000
390	avg_pwc_snn	0.523111640886928	Chen_2019	aggregation	25000
391	Silhouette_label	0.0127040140045207	Chen_2019	SnapATAC2	25000
392	FNS	0.556928805388698	Chen_2019	SnapATAC2	25000
393	cLISI_label	2.24443018261152	Chen_2019	SnapATAC2	25000
394	log_geary_c_knn	-0.324450613947049	Chen_2019	SnapATAC2	25000
395	avg_pwc_snn	0.649997095637934	Chen_2019	SnapATAC2	25000
396	Silhouette_label	0.13603372991668	PBMC_multiomics	Signac	25000
397	FNS	0.217965639815686	PBMC_multiomics	Signac	25000
398	cLISI_label	1.28509771375744	PBMC_multiomics	Signac	25000
399	log_geary_c_knn	-1.62092319260679	PBMC_multiomics	Signac	25000
400	avg_pwc_snn	0.22422959063224	PBMC_multiomics	Signac	25000
401	Silhouette_label	0.199450246454641	PBMC_multiomics	ArchR	25000
402	FNS	0.208829592563918	PBMC_multiomics	ArchR	25000
403	cLISI_label	1.25109740820495	PBMC_multiomics	ArchR	25000
404	log_geary_c_knn	-3.09955536463292	PBMC_multiomics	ArchR	25000
405	avg_pwc_snn	0.213307597749644	PBMC_multiomics	ArchR	25000
406	Silhouette_label	-0.0207913340054427	PBMC_multiomics	SnapATAC1	25000
407	FNS	0.454985478164811	PBMC_multiomics	SnapATAC1	25000
408	cLISI_label	1.9684971224768	PBMC_multiomics	SnapATAC1	25000
409	log_geary_c_knn	-1.18479111445686	PBMC_multiomics	SnapATAC1	25000
410	avg_pwc_snn	0.614197123129758	PBMC_multiomics	SnapATAC1	25000
411	Silhouette_label	0.156926372798802	PBMC_multiomics	aggregation	25000
412	FNS	0.192400589045269	PBMC_multiomics	aggregation	25000
413	cLISI_label	1.2704657999862	PBMC_multiomics	aggregation	25000
414	log_geary_c_knn	-1.38002619346887	PBMC_multiomics	aggregation	25000
415	avg_pwc_snn	0.234887473528924	PBMC_multiomics	aggregation	25000
416	Silhouette_label	0.0742249363792996	PBMC_multiomics	SnapATAC2	25000
417	FNS	0.343783805965864	PBMC_multiomics	SnapATAC2	25000
418	cLISI_label	1.66658801045762	PBMC_multiomics	SnapATAC2	25000
419	log_geary_c_knn	-0.464878418401069	PBMC_multiomics	SnapATAC2	25000
420	avg_pwc_snn	0.400205577473055	PBMC_multiomics	SnapATAC2	25000
421	ARI	0.962550066406824	Cell_line_mixing	Signac	1e+05
422	AMI	0.945040688451346	Cell_line_mixing	Signac	1e+05
423	MI	2.09623491183746	Cell_line_mixing	Signac	1e+05
424	VI	0.177201512135736	Cell_line_mixing	Signac	1e+05
425	AW	0.934954795923737	Cell_line_mixing	Signac	1e+05
426	AV	0.991823831316176	Cell_line_mixing	Signac	1e+05
427	AW2	0.957404193119442	Cell_line_mixing	Signac	1e+05
428	AV2	0.909768932584307	Cell_line_mixing	Signac	1e+05
429	ARI2	0.932978928237008	Cell_line_mixing	Signac	1e+05
430	ARI	0.972997369769296	Cell_line_mixing	ArchR	1e+05
431	AMI	0.961953056142849	Cell_line_mixing	ArchR	1e+05
432	MI	2.14163988161623	Cell_line_mixing	ArchR	1e+05
433	VI	0.0946195938176873	Cell_line_mixing	ArchR	1e+05
434	AW	0.949321964035716	Cell_line_mixing	ArchR	1e+05
435	AV	0.997883874559253	Cell_line_mixing	ArchR	1e+05
436	AW2	0.970900253846637	Cell_line_mixing	ArchR	1e+05
437	AV2	0.995815436985636	Cell_line_mixing	ArchR	1e+05
438	ARI2	0.983200027396546	Cell_line_mixing	ArchR	1e+05
439	ARI	0.954080059174778	Cell_line_mixing	SnapATAC1	1e+05
440	AMI	0.946044165202847	Cell_line_mixing	SnapATAC1	1e+05
441	MI	2.03568029949295	Cell_line_mixing	SnapATAC1	1e+05
442	VI	0.156145292373432	Cell_line_mixing	SnapATAC1	1e+05
443	AW	0.98875061919615	Cell_line_mixing	SnapATAC1	1e+05
444	AV	0.921758576457267	Cell_line_mixing	SnapATAC1	1e+05
445	AW2	0.982578329732541	Cell_line_mixing	SnapATAC1	1e+05
446	AV2	0.954915663231107	Cell_line_mixing	SnapATAC1	1e+05
447	ARI2	0.968549518935894	Cell_line_mixing	SnapATAC1	1e+05
448	ARI	0.980731748261449	Cell_line_mixing	aggregation	1e+05
449	AMI	0.964885760513761	Cell_line_mixing	aggregation	1e+05
450	MI	2.13252234364665	Cell_line_mixing	aggregation	1e+05
451	VI	0.0966571579914843	Cell_line_mixing	aggregation	1e+05
452	AW	0.963911527027334	Cell_line_mixing	aggregation	1e+05
453	AV	0.998149419478757	Cell_line_mixing	aggregation	1e+05
454	AW2	0.958866666923877	Cell_line_mixing	aggregation	1e+05
455	AV2	0.939727007897967	Cell_line_mixing	aggregation	1e+05
456	ARI2	0.949200364281235	Cell_line_mixing	aggregation	1e+05
457	ARI	0.968423377392555	Cell_line_mixing	SnapATAC2	1e+05
458	AMI	0.954056349554268	Cell_line_mixing	SnapATAC2	1e+05
459	MI	2.05291550817987	Cell_line_mixing	SnapATAC2	1e+05
460	VI	0.194211561783399	Cell_line_mixing	SnapATAC2	1e+05
461	AW	0.970771786267716	Cell_line_mixing	SnapATAC2	1e+05
462	AV	0.966086303241043	Cell_line_mixing	SnapATAC2	1e+05
463	AW2	0.953853952888701	Cell_line_mixing	SnapATAC2	1e+05
464	AV2	0.964212006434363	Cell_line_mixing	SnapATAC2	1e+05
465	ARI2	0.959005011574008	Cell_line_mixing	SnapATAC2	1e+05
466	ARI	0.993283003387882	candidate1	Signac	1e+05
467	AMI	0.984332260447613	candidate1	Signac	1e+05
468	MI	2.33535754524613	candidate1	Signac	1e+05
469	VI	0.0569063408321639	candidate1	Signac	1e+05
470	AW	0.994157954964686	candidate1	Signac	1e+05
471	AV	0.992409590534586	candidate1	Signac	1e+05
472	AW2	0.992645659554278	candidate1	Signac	1e+05
473	AV2	0.947270939241553	candidate1	Signac	1e+05
474	ARI2	0.96942764121273	candidate1	Signac	1e+05
475	ARI	0.998110257157516	candidate1	ArchR	1e+05
476	AMI	0.996263456145705	candidate1	ArchR	1e+05
477	MI	2.36436898383431	candidate1	ArchR	1e+05
478	VI	0.016962760142488	candidate1	ArchR	1e+05
479	AW	0.99760716283633	candidate1	ArchR	1e+05
480	AV	0.998613859156695	candidate1	ArchR	1e+05
481	AW2	0.997485281252262	candidate1	ArchR	1e+05
482	AV2	0.99477312239818	candidate1	ArchR	1e+05
483	ARI2	0.996127355727939	candidate1	ArchR	1e+05
484	ARI	0.905850607655121	candidate1	SnapATAC1	1e+05
485	AMI	0.88454801323007	candidate1	SnapATAC1	1e+05
486	MI	2.09884521978553	candidate1	SnapATAC1	1e+05
487	VI	0.336395668782801	candidate1	SnapATAC1	1e+05
488	AW	0.982866346807641	candidate1	SnapATAC1	1e+05
489	AV	0.840027479748287	candidate1	SnapATAC1	1e+05
490	AW2	0.946207987563636	candidate1	SnapATAC1	1e+05
491	AV2	0.866263327993081	candidate1	SnapATAC1	1e+05
492	ARI2	0.904472554401495	candidate1	SnapATAC1	1e+05
493	ARI	0.982094821829785	candidate1	aggregation	1e+05
494	AMI	0.973243666260975	candidate1	aggregation	1e+05
495	MI	2.30908664673098	candidate1	aggregation	1e+05
496	VI	0.083517797284907	candidate1	aggregation	1e+05
497	AW	0.994267237810994	candidate1	aggregation	1e+05
498	AV	0.97021684518284	candidate1	aggregation	1e+05
499	AW2	0.98563442278162	candidate1	aggregation	1e+05
500	AV2	0.952426332508228	candidate1	aggregation	1e+05
501	ARI2	0.968745872307154	candidate1	aggregation	1e+05
502	ARI	0.949068351186767	candidate1	SnapATAC2	1e+05
503	AMI	0.945417272616261	candidate1	SnapATAC2	1e+05
504	MI	2.24316065930266	candidate1	SnapATAC2	1e+05
505	VI	0.193037549118161	candidate1	SnapATAC2	1e+05
506	AW	0.980410905018006	candidate1	SnapATAC2	1e+05
507	AV	0.919667684822425	candidate1	SnapATAC2	1e+05
508	AW2	0.971935433091379	candidate1	SnapATAC2	1e+05
509	AV2	0.942151298897766	candidate1	SnapATAC2	1e+05
510	ARI2	0.956811638080984	candidate1	SnapATAC2	1e+05
511	ARI	0.993063534778875	candidate2	Signac	1e+05
512	AMI	0.989456437373568	candidate2	Signac	1e+05
513	MI	2.09055739650475	candidate2	Signac	1e+05
514	VI	0.0442586325374466	candidate2	Signac	1e+05
515	AW	0.992927384522897	candidate2	Signac	1e+05
516	AV	0.993199722377835	candidate2	Signac	1e+05
517	AW2	0.991684494776754	candidate2	Signac	1e+05
518	AV2	0.990502156085586	candidate2	Signac	1e+05
519	ARI2	0.991092972809287	candidate2	Signac	1e+05
520	ARI	0.995066177734301	candidate2	ArchR	1e+05
521	AMI	0.993031491639182	candidate2	ArchR	1e+05
522	MI	2.09786465565197	candidate2	ArchR	1e+05
523	VI	0.0287272824248843	candidate2	ArchR	1e+05
524	AW	0.995514479630295	candidate2	ArchR	1e+05
525	AV	0.994618279416821	candidate2	ArchR	1e+05
526	AW2	0.993819511836677	candidate2	ArchR	1e+05
527	AV2	0.996713722116406	candidate2	ArchR	1e+05
528	ARI2	0.995264512903874	candidate2	ArchR	1e+05
529	ARI	0.43202953616326	candidate2	SnapATAC1	1e+05
530	AMI	0.523356052891531	candidate2	SnapATAC1	1e+05
531	MI	1.10604624220421	candidate2	SnapATAC1	1e+05
532	VI	1.10884297668072	candidate2	SnapATAC1	1e+05
533	AW	0.948194162044482	candidate2	SnapATAC1	1e+05
534	AV	0.279745570142044	candidate2	SnapATAC1	1e+05
535	AW2	0.875870070592926	candidate2	SnapATAC1	1e+05
536	AV2	0.488079990553672	candidate2	SnapATAC1	1e+05
537	ARI2	0.626847958673601	candidate2	SnapATAC1	1e+05
538	ARI	0.984601271222408	candidate2	aggregation	1e+05
539	AMI	0.979465848739467	candidate2	aggregation	1e+05
540	MI	2.07259174641519	candidate2	aggregation	1e+05
541	VI	0.0833712170130712	candidate2	aggregation	1e+05
542	AW	0.981939060407004	candidate2	aggregation	1e+05
543	AV	0.987277956731926	candidate2	aggregation	1e+05
544	AW2	0.980555018769043	candidate2	aggregation	1e+05
545	AV2	0.970113991554069	candidate2	aggregation	1e+05
546	ARI2	0.975306562171555	candidate2	aggregation	1e+05
547	ARI	0.976482527703942	candidate2	SnapATAC2	1e+05
548	AMI	0.971350472783226	candidate2	SnapATAC2	1e+05
549	MI	2.05211969896965	candidate2	SnapATAC2	1e+05
550	VI	0.118177044489431	candidate2	SnapATAC2	1e+05
551	AW	0.979556233391346	candidate2	SnapATAC2	1e+05
552	AV	0.973428051364795	candidate2	SnapATAC2	1e+05
553	AW2	0.977046723729157	candidate2	SnapATAC2	1e+05
554	AV2	0.983116339126096	candidate2	SnapATAC2	1e+05
555	ARI2	0.980072134191304	candidate2	SnapATAC2	1e+05
556	ARI	0.520887750607437	Buenrostro_2018	Signac	1e+05
557	AMI	0.616810387009167	Buenrostro_2018	Signac	1e+05
558	MI	1.35920083459721	Buenrostro_2018	Signac	1e+05
559	VI	1.43561079603001	Buenrostro_2018	Signac	1e+05
560	AW	0.455697344000346	Buenrostro_2018	Signac	1e+05
561	AV	0.607843655886415	Buenrostro_2018	Signac	1e+05
562	AW2	0.591072031565146	Buenrostro_2018	Signac	1e+05
563	AV2	0.680136256553127	Buenrostro_2018	Signac	1e+05
564	ARI2	0.63248410612088	Buenrostro_2018	Signac	1e+05
565	ARI	0.519802466074631	Buenrostro_2018	ArchR	1e+05
566	AMI	0.62432842844012	Buenrostro_2018	ArchR	1e+05
567	MI	1.23467571181427	Buenrostro_2018	ArchR	1e+05
568	VI	1.40791098851691	Buenrostro_2018	ArchR	1e+05
569	AW	0.538624507877511	Buenrostro_2018	ArchR	1e+05
570	AV	0.502251467236615	Buenrostro_2018	ArchR	1e+05
571	AW2	0.60911535897521	Buenrostro_2018	ArchR	1e+05
572	AV2	0.646131552061058	Buenrostro_2018	ArchR	1e+05
573	ARI2	0.627077667060691	Buenrostro_2018	ArchR	1e+05
574	ARI	0.308717743486465	Buenrostro_2018	SnapATAC1	1e+05
575	AMI	0.422821562956505	Buenrostro_2018	SnapATAC1	1e+05
576	MI	0.836595028679822	Buenrostro_2018	SnapATAC1	1e+05
577	VI	1.59318137237472	Buenrostro_2018	SnapATAC1	1e+05
578	AW	0.498564358433994	Buenrostro_2018	SnapATAC1	1e+05
579	AV	0.223581072455128	Buenrostro_2018	SnapATAC1	1e+05
580	AW2	0.717455829866862	Buenrostro_2018	SnapATAC1	1e+05
581	AV2	0.489087661267244	Buenrostro_2018	SnapATAC1	1e+05
582	ARI2	0.581659586199088	Buenrostro_2018	SnapATAC1	1e+05
583	ARI	0.590561448297694	Buenrostro_2018	aggregation	1e+05
584	AMI	0.662003299765527	Buenrostro_2018	aggregation	1e+05
585	MI	1.30766107229106	Buenrostro_2018	aggregation	1e+05
586	VI	1.2571312906766	Buenrostro_2018	aggregation	1e+05
587	AW	0.634422101209825	Buenrostro_2018	aggregation	1e+05
588	AV	0.552373228783546	Buenrostro_2018	aggregation	1e+05
589	AW2	0.633589396419877	Buenrostro_2018	aggregation	1e+05
590	AV2	0.64494988832565	Buenrostro_2018	aggregation	1e+05
591	ARI2	0.639219170409218	Buenrostro_2018	aggregation	1e+05
592	ARI	0.666462194988969	Buenrostro_2018	SnapATAC2	1e+05
593	AMI	0.698545976796861	Buenrostro_2018	SnapATAC2	1e+05
594	MI	1.48947480384188	Buenrostro_2018	SnapATAC2	1e+05
595	VI	1.11376224392283	Buenrostro_2018	SnapATAC2	1e+05
596	AW	0.632192147422069	Buenrostro_2018	SnapATAC2	1e+05
597	AV	0.704660634433413	Buenrostro_2018	SnapATAC2	1e+05
598	AW2	0.630226960189886	Buenrostro_2018	SnapATAC2	1e+05
599	AV2	0.753405657755864	Buenrostro_2018	SnapATAC2	1e+05
600	ARI2	0.686333281420164	Buenrostro_2018	SnapATAC2	1e+05
601	ARI	0.702380401197248	Chen_2019	Signac	1e+05
602	AMI	0.634385837148237	Chen_2019	Signac	1e+05
603	MI	1.28260825140705	Chen_2019	Signac	1e+05
604	VI	1.25665878110379	Chen_2019	Signac	1e+05
605	AW	0.740761510262241	Chen_2019	Signac	1e+05
606	AV	0.667780652557208	Chen_2019	Signac	1e+05
607	AW2	0.670504299490526	Chen_2019	Signac	1e+05
608	AV2	0.592126969765814	Chen_2019	Signac	1e+05
609	ARI2	0.62888301397147	Chen_2019	Signac	1e+05
610	ARI	0.540047307791171	Chen_2019	ArchR	1e+05
611	AMI	0.520347336383226	Chen_2019	ArchR	1e+05
612	MI	1.05218482160341	Chen_2019	ArchR	1e+05
613	VI	1.29852346173614	Chen_2019	ArchR	1e+05
614	AW	0.800551264267839	Chen_2019	ArchR	1e+05
615	AV	0.407458110156896	Chen_2019	ArchR	1e+05
616	AW2	0.712827079171234	Chen_2019	ArchR	1e+05
617	AV2	0.472481194821695	Chen_2019	ArchR	1e+05
618	ARI2	0.568286575666126	Chen_2019	ArchR	1e+05
619	ARI	0.110891223228619	Chen_2019	SnapATAC1	1e+05
620	AMI	0.134287202568566	Chen_2019	SnapATAC1	1e+05
621	MI	0.275036234335024	Chen_2019	SnapATAC1	1e+05
622	VI	2.85545225853121	Chen_2019	SnapATAC1	1e+05
623	AW	0.166122648240617	Chen_2019	SnapATAC1	1e+05
624	AV	0.0832220676976496	Chen_2019	SnapATAC1	1e+05
625	AW2	0.258385665547784	Chen_2019	SnapATAC1	1e+05
626	AV2	0.0981658335780644	Chen_2019	SnapATAC1	1e+05
627	ARI2	0.142277591345471	Chen_2019	SnapATAC1	1e+05
628	ARI	0.530566261365844	Chen_2019	aggregation	1e+05
629	AMI	0.544660273040992	Chen_2019	aggregation	1e+05
630	MI	1.10112885118633	Chen_2019	aggregation	1e+05
631	VI	1.16664867443776	Chen_2019	aggregation	1e+05
632	AW	0.8375538959177	Chen_2019	aggregation	1e+05
633	AV	0.388258378939856	Chen_2019	aggregation	1e+05
634	AW2	0.740023218839045	Chen_2019	aggregation	1e+05
635	AV2	0.557625543036221	Chen_2019	aggregation	1e+05
636	ARI2	0.636005460627412	Chen_2019	aggregation	1e+05
637	ARI	0.72987869573404	Chen_2019	SnapATAC2	1e+05
638	AMI	0.667217436332764	Chen_2019	SnapATAC2	1e+05
639	MI	1.34904532076867	Chen_2019	SnapATAC2	1e+05
640	VI	1.16942454073827	Chen_2019	SnapATAC2	1e+05
641	AW	0.756533883198629	Chen_2019	SnapATAC2	1e+05
642	AV	0.705037882461804	Chen_2019	SnapATAC2	1e+05
643	AW2	0.658127679858535	Chen_2019	SnapATAC2	1e+05
644	AV2	0.591010521272432	Chen_2019	SnapATAC2	1e+05
645	ARI2	0.622765972227645	Chen_2019	SnapATAC2	1e+05
646	ARI	0.731048414349683	PBMC_multiomics	Signac	1e+05
647	AMI	0.716985903350588	PBMC_multiomics	Signac	1e+05
648	MI	1.61766988433856	PBMC_multiomics	Signac	1e+05
649	VI	0.758145199035241	PBMC_multiomics	Signac	1e+05
650	AW	0.96441785556147	PBMC_multiomics	Signac	1e+05
651	AV	0.588615479541356	PBMC_multiomics	Signac	1e+05
652	AW2	0.865273232109198	PBMC_multiomics	Signac	1e+05
653	AV2	0.69221531814314	PBMC_multiomics	Signac	1e+05
654	ARI2	0.769129744868007	PBMC_multiomics	Signac	1e+05
655	ARI	0.611642732660927	PBMC_multiomics	ArchR	1e+05
656	AMI	0.76549574854036	PBMC_multiomics	ArchR	1e+05
657	MI	1.77605478489637	PBMC_multiomics	ArchR	1e+05
658	VI	1.01847693067651	PBMC_multiomics	ArchR	1e+05
659	AW	0.533036184763165	PBMC_multiomics	ArchR	1e+05
660	AV	0.717443762921349	PBMC_multiomics	ArchR	1e+05
661	AW2	0.779621674413864	PBMC_multiomics	ArchR	1e+05
662	AV2	0.710063884153158	PBMC_multiomics	ArchR	1e+05
663	ARI2	0.743218850610064	PBMC_multiomics	ArchR	1e+05
664	ARI	0.645925564205884	PBMC_multiomics	SnapATAC1	1e+05
665	AMI	0.638172437515533	PBMC_multiomics	SnapATAC1	1e+05
666	MI	1.44028994082153	PBMC_multiomics	SnapATAC1	1e+05
667	VI	1.03163490251759	PBMC_multiomics	SnapATAC1	1e+05
668	AW	0.87737065242386	PBMC_multiomics	SnapATAC1	1e+05
669	AV	0.511100368539612	PBMC_multiomics	SnapATAC1	1e+05
670	AW2	0.865478580706104	PBMC_multiomics	SnapATAC1	1e+05
671	AV2	0.634889853705813	PBMC_multiomics	SnapATAC1	1e+05
672	ARI2	0.732464849149386	PBMC_multiomics	SnapATAC1	1e+05
673	ARI	0.683371002319561	PBMC_multiomics	aggregation	1e+05
674	AMI	0.797072890176728	PBMC_multiomics	aggregation	1e+05
675	MI	1.7979402591137	PBMC_multiomics	aggregation	1e+05
676	VI	0.826548970730164	PBMC_multiomics	aggregation	1e+05
677	AW	0.635554160851464	PBMC_multiomics	aggregation	1e+05
678	AV	0.738968361554963	PBMC_multiomics	aggregation	1e+05
679	AW2	0.843857357315045	PBMC_multiomics	aggregation	1e+05
680	AV2	0.727740032415509	PBMC_multiomics	aggregation	1e+05
681	ARI2	0.781509036066551	PBMC_multiomics	aggregation	1e+05
682	ARI	0.702949170229236	PBMC_multiomics	SnapATAC2	1e+05
683	AMI	0.689195170965547	PBMC_multiomics	SnapATAC2	1e+05
684	MI	1.5549543379714	PBMC_multiomics	SnapATAC2	1e+05
685	VI	0.844890358571641	PBMC_multiomics	SnapATAC2	1e+05
686	AW	0.943207054593616	PBMC_multiomics	SnapATAC2	1e+05
687	AV	0.560241874985091	PBMC_multiomics	SnapATAC2	1e+05
688	AW2	0.897852819593275	PBMC_multiomics	SnapATAC2	1e+05
689	AV2	0.647222635756947	PBMC_multiomics	SnapATAC2	1e+05
690	ARI2	0.752210083212079	PBMC_multiomics	SnapATAC2	1e+05
691	Silhouette_label	0.297770243131309	Cell_line_mixing	Signac	1e+05
692	FNS	0.0202939065484792	Cell_line_mixing	Signac	1e+05
693	cLISI_label	1.01478286104377	Cell_line_mixing	Signac	1e+05
694	log_geary_c_knn	-2.42724679876703	Cell_line_mixing	Signac	1e+05
695	avg_pwc_snn	0.00514284539568094	Cell_line_mixing	Signac	1e+05
696	Silhouette_label	0.428369802402558	Cell_line_mixing	ArchR	1e+05
697	FNS	0.0193039186970251	Cell_line_mixing	ArchR	1e+05
698	cLISI_label	1.00460463370863	Cell_line_mixing	ArchR	1e+05
699	log_geary_c_knn	-3.06119611697341	Cell_line_mixing	ArchR	1e+05
700	avg_pwc_snn	0.00157430096178282	Cell_line_mixing	ArchR	1e+05
701	Silhouette_label	0.267707316759696	Cell_line_mixing	SnapATAC1	1e+05
702	FNS	0.0273449476899637	Cell_line_mixing	SnapATAC1	1e+05
703	cLISI_label	1.04051354562353	Cell_line_mixing	SnapATAC1	1e+05
704	log_geary_c_knn	-1.52681461409063	Cell_line_mixing	SnapATAC1	1e+05
705	avg_pwc_snn	0.0167501604940352	Cell_line_mixing	SnapATAC1	1e+05
706	Silhouette_label	0.467329417511049	Cell_line_mixing	aggregation	1e+05
707	FNS	0.0105574649353678	Cell_line_mixing	aggregation	1e+05
708	cLISI_label	1.00554134801038	Cell_line_mixing	aggregation	1e+05
709	log_geary_c_knn	-1.65026849052449	Cell_line_mixing	aggregation	1e+05
710	avg_pwc_snn	0.00170425490000854	Cell_line_mixing	aggregation	1e+05
711	Silhouette_label	0.281787506473444	Cell_line_mixing	SnapATAC2	1e+05
712	FNS	0.0911166857347393	Cell_line_mixing	SnapATAC2	1e+05
713	cLISI_label	1.07144705326326	Cell_line_mixing	SnapATAC2	1e+05
714	log_geary_c_knn	-0.512205098510854	Cell_line_mixing	SnapATAC2	1e+05
715	avg_pwc_snn	0.0230492898878136	Cell_line_mixing	SnapATAC2	1e+05
716	Silhouette_label	0.393067064889025	candidate1	Signac	1e+05
717	FNS	0.101956916709505	candidate1	Signac	1e+05
718	cLISI_label	1.01146728973584	candidate1	Signac	1e+05
719	log_geary_c_knn	-2.91438238675967	candidate1	Signac	1e+05
720	avg_pwc_snn	0.00513336755889375	candidate1	Signac	1e+05
721	Silhouette_label	0.478598513355541	candidate1	ArchR	1e+05
722	FNS	0.0595508602056168	candidate1	ArchR	1e+05
723	cLISI_label	1.00365631648349	candidate1	ArchR	1e+05
724	log_geary_c_knn	-3.42679232047697	candidate1	ArchR	1e+05
725	avg_pwc_snn	0.00119307044109674	candidate1	ArchR	1e+05
726	Silhouette_label	0.181954538350376	candidate1	SnapATAC1	1e+05
727	FNS	0.130399781913376	candidate1	SnapATAC1	1e+05
728	cLISI_label	1.13274880405752	candidate1	SnapATAC1	1e+05
729	log_geary_c_knn	-1.68288631732198	candidate1	SnapATAC1	1e+05
730	avg_pwc_snn	0.111386228433799	candidate1	SnapATAC1	1e+05
731	Silhouette_label	0.431444428684855	candidate1	aggregation	1e+05
732	FNS	0.0285225743252572	candidate1	aggregation	1e+05
733	cLISI_label	1.0199912301985	candidate1	aggregation	1e+05
734	log_geary_c_knn	-2.18078399839859	candidate1	aggregation	1e+05
735	avg_pwc_snn	0.011120005638833	candidate1	aggregation	1e+05
736	Silhouette_label	0.27046631344987	candidate1	SnapATAC2	1e+05
737	FNS	0.155584905558292	candidate1	SnapATAC2	1e+05
738	cLISI_label	1.06743180461962	candidate1	SnapATAC2	1e+05
739	log_geary_c_knn	-1.04305237815817	candidate1	SnapATAC2	1e+05
740	avg_pwc_snn	0.0405572954152921	candidate1	SnapATAC2	1e+05
741	Silhouette_label	0.234067072925329	candidate2	Signac	1e+05
742	FNS	0.148976404816603	candidate2	Signac	1e+05
743	cLISI_label	1.01503930768477	candidate2	Signac	1e+05
744	log_geary_c_knn	-2.52140522901645	candidate2	Signac	1e+05
745	avg_pwc_snn	0.00432028754450741	candidate2	Signac	1e+05
746	Silhouette_label	0.20615360777675	candidate2	ArchR	1e+05
747	FNS	0.192361655856737	candidate2	ArchR	1e+05
748	cLISI_label	1.00857293440986	candidate2	ArchR	1e+05
749	log_geary_c_knn	-4.41338867777364	candidate2	ArchR	1e+05
750	avg_pwc_snn	0.00277065475224727	candidate2	ArchR	1e+05
751	Silhouette_label	0.0981740216343573	candidate2	SnapATAC1	1e+05
752	FNS	0.212095286192874	candidate2	SnapATAC1	1e+05
753	cLISI_label	1.37490538700316	candidate2	SnapATAC1	1e+05
754	log_geary_c_knn	-1.52941450094179	candidate2	SnapATAC1	1e+05
755	avg_pwc_snn	0.228838672997946	candidate2	SnapATAC1	1e+05
756	Silhouette_label	0.341636664170514	candidate2	aggregation	1e+05
757	FNS	0.025571021714724	candidate2	aggregation	1e+05
758	cLISI_label	1.02527545572844	candidate2	aggregation	1e+05
759	log_geary_c_knn	-2.0345440199909	candidate2	aggregation	1e+05
760	avg_pwc_snn	0.00940652090709171	candidate2	aggregation	1e+05
761	Silhouette_label	0.292540768944545	candidate2	SnapATAC2	1e+05
762	FNS	0.0344503953782015	candidate2	SnapATAC2	1e+05
763	cLISI_label	1.04384697699847	candidate2	SnapATAC2	1e+05
764	log_geary_c_knn	-0.890147822318411	candidate2	SnapATAC2	1e+05
765	avg_pwc_snn	0.0109362778152545	candidate2	SnapATAC2	1e+05
766	Silhouette_label	0.0256338685676129	Buenrostro_2018	Signac	1e+05
767	FNS	0.301836700577152	Buenrostro_2018	Signac	1e+05
768	cLISI_label	1.47537122424945	Buenrostro_2018	Signac	1e+05
769	log_geary_c_knn	-1.6871294532887	Buenrostro_2018	Signac	1e+05
770	avg_pwc_snn	0.199292634339288	Buenrostro_2018	Signac	1e+05
771	Silhouette_label	0.0931896635067006	Buenrostro_2018	ArchR	1e+05
772	FNS	0.222703013726865	Buenrostro_2018	ArchR	1e+05
773	cLISI_label	1.43729216654555	Buenrostro_2018	ArchR	1e+05
774	log_geary_c_knn	-1.83846358832751	Buenrostro_2018	ArchR	1e+05
775	avg_pwc_snn	0.196789530995058	Buenrostro_2018	ArchR	1e+05
776	Silhouette_label	-0.0220894613934086	Buenrostro_2018	SnapATAC1	1e+05
777	FNS	0.3938839282024	Buenrostro_2018	SnapATAC1	1e+05
778	cLISI_label	1.94118757057301	Buenrostro_2018	SnapATAC1	1e+05
779	log_geary_c_knn	-0.81186584874366	Buenrostro_2018	SnapATAC1	1e+05
780	avg_pwc_snn	0.310984631359786	Buenrostro_2018	SnapATAC1	1e+05
781	Silhouette_label	0.13578292335515	Buenrostro_2018	aggregation	1e+05
782	FNS	0.189209013291521	Buenrostro_2018	aggregation	1e+05
783	cLISI_label	1.38718759398698	Buenrostro_2018	aggregation	1e+05
784	log_geary_c_knn	-1.63344386400079	Buenrostro_2018	aggregation	1e+05
785	avg_pwc_snn	0.170451944235907	Buenrostro_2018	aggregation	1e+05
786	Silhouette_label	0.124966889890082	Buenrostro_2018	SnapATAC2	1e+05
787	FNS	0.205624669651371	Buenrostro_2018	SnapATAC2	1e+05
788	cLISI_label	1.37499813202629	Buenrostro_2018	SnapATAC2	1e+05
789	log_geary_c_knn	-0.478805321444492	Buenrostro_2018	SnapATAC2	1e+05
790	avg_pwc_snn	0.153085520199285	Buenrostro_2018	SnapATAC2	1e+05
791	Silhouette_label	-0.0743982881188455	Chen_2019	Signac	1e+05
792	FNS	0.663242702548048	Chen_2019	Signac	1e+05
793	cLISI_label	1.61095681532677	Chen_2019	Signac	1e+05
794	log_geary_c_knn	-1.46518542051483	Chen_2019	Signac	1e+05
795	avg_pwc_snn	0.570774564022079	Chen_2019	Signac	1e+05
796	Silhouette_label	-0.0558608048489875	Chen_2019	ArchR	1e+05
797	FNS	0.578653367158294	Chen_2019	ArchR	1e+05
798	cLISI_label	1.51776940560226	Chen_2019	ArchR	1e+05
799	log_geary_c_knn	-1.4566261074074	Chen_2019	ArchR	1e+05
800	avg_pwc_snn	0.529143569530264	Chen_2019	ArchR	1e+05
801	Silhouette_label	-0.04565947768717	Chen_2019	SnapATAC1	1e+05
802	FNS	0.817847257788936	Chen_2019	SnapATAC1	1e+05
803	cLISI_label	3.15268696618514	Chen_2019	SnapATAC1	1e+05
804	log_geary_c_knn	-0.522207064337611	Chen_2019	SnapATAC1	1e+05
805	avg_pwc_snn	0.868762259799882	Chen_2019	SnapATAC1	1e+05
806	Silhouette_label	0.100090517481103	Chen_2019	aggregation	1e+05
807	FNS	0.379144604022049	Chen_2019	aggregation	1e+05
808	cLISI_label	1.51742113506889	Chen_2019	aggregation	1e+05
809	log_geary_c_knn	-1.30904377025913	Chen_2019	aggregation	1e+05
810	avg_pwc_snn	0.510788759419581	Chen_2019	aggregation	1e+05
811	Silhouette_label	0.0746168351369364	Chen_2019	SnapATAC2	1e+05
812	FNS	0.367595013835247	Chen_2019	SnapATAC2	1e+05
813	cLISI_label	1.65275732985107	Chen_2019	SnapATAC2	1e+05
814	log_geary_c_knn	-0.424451130994913	Chen_2019	SnapATAC2	1e+05
815	avg_pwc_snn	0.482209226165689	Chen_2019	SnapATAC2	1e+05
816	Silhouette_label	0.153484265726912	PBMC_multiomics	Signac	1e+05
817	FNS	0.227181358881361	PBMC_multiomics	Signac	1e+05
818	cLISI_label	1.22958550429551	PBMC_multiomics	Signac	1e+05
819	log_geary_c_knn	-1.93882808718362	PBMC_multiomics	Signac	1e+05
820	avg_pwc_snn	0.201049070032004	PBMC_multiomics	Signac	1e+05
821	Silhouette_label	0.230133907309125	PBMC_multiomics	ArchR	1e+05
822	FNS	0.208005532840045	PBMC_multiomics	ArchR	1e+05
823	cLISI_label	1.22232873618244	PBMC_multiomics	ArchR	1e+05
824	log_geary_c_knn	-3.10464379033869	PBMC_multiomics	ArchR	1e+05
825	avg_pwc_snn	0.198961374747361	PBMC_multiomics	ArchR	1e+05
826	Silhouette_label	0.0867660529389432	PBMC_multiomics	SnapATAC1	1e+05
827	FNS	0.23996538246608	PBMC_multiomics	SnapATAC1	1e+05
828	cLISI_label	1.43323493921412	PBMC_multiomics	SnapATAC1	1e+05
829	log_geary_c_knn	-1.70913207347865	PBMC_multiomics	SnapATAC1	1e+05
830	avg_pwc_snn	0.313158096856581	PBMC_multiomics	SnapATAC1	1e+05
831	Silhouette_label	0.159684829779155	PBMC_multiomics	aggregation	1e+05
832	FNS	0.184856337938219	PBMC_multiomics	aggregation	1e+05
833	cLISI_label	1.25449625654157	PBMC_multiomics	aggregation	1e+05
834	log_geary_c_knn	-1.36384674229714	PBMC_multiomics	aggregation	1e+05
835	avg_pwc_snn	0.234526828103576	PBMC_multiomics	aggregation	1e+05
836	Silhouette_label	0.154756972134835	PBMC_multiomics	SnapATAC2	1e+05
837	FNS	0.23584896946488	PBMC_multiomics	SnapATAC2	1e+05
838	cLISI_label	1.31424365652398	PBMC_multiomics	SnapATAC2	1e+05
839	log_geary_c_knn	-0.516931568211327	PBMC_multiomics	SnapATAC2	1e+05
840	avg_pwc_snn	0.257874390608453	PBMC_multiomics	SnapATAC2	1e+05
841	ARI	0.96164057208284	Cell_line_mixing	Signac	2e+05
842	AMI	0.941740965701692	Cell_line_mixing	Signac	2e+05
843	MI	2.08852858147919	Cell_line_mixing	Signac	2e+05
844	VI	0.192194123357081	Cell_line_mixing	Signac	2e+05
845	AW	0.934344375140662	Cell_line_mixing	Signac	2e+05
846	AV	0.990579641775142	Cell_line_mixing	Signac	2e+05
847	AW2	0.940487229051539	Cell_line_mixing	Signac	2e+05
848	AV2	0.906628435455598	Cell_line_mixing	Signac	2e+05
849	ARI2	0.923247505746733	Cell_line_mixing	Signac	2e+05
850	ARI	0.967148988473703	Cell_line_mixing	ArchR	2e+05
851	AMI	0.952285432746327	Cell_line_mixing	ArchR	2e+05
852	MI	2.13343592447404	Cell_line_mixing	ArchR	2e+05
853	VI	0.124983622127894	Cell_line_mixing	ArchR	2e+05
854	AW	0.938737875156482	Cell_line_mixing	ArchR	2e+05
855	AV	0.997333511941567	Cell_line_mixing	ArchR	2e+05
856	AW2	0.961582552920177	Cell_line_mixing	ArchR	2e+05
857	AV2	0.952553675455595	Cell_line_mixing	ArchR	2e+05
858	ARI2	0.957046819823603	Cell_line_mixing	ArchR	2e+05
859	ARI	0.961333937977443	Cell_line_mixing	SnapATAC1	2e+05
860	AMI	0.943174940553451	Cell_line_mixing	SnapATAC1	2e+05
861	MI	2.11451716696546	Cell_line_mixing	SnapATAC1	2e+05
862	VI	0.164372856116662	Cell_line_mixing	SnapATAC1	2e+05
863	AW	0.931442909289311	Cell_line_mixing	SnapATAC1	2e+05
864	AV	0.993207045823214	Cell_line_mixing	SnapATAC1	2e+05
865	AW2	0.956246587861202	Cell_line_mixing	SnapATAC1	2e+05
866	AV2	0.94696195331362	Cell_line_mixing	SnapATAC1	2e+05
867	ARI2	0.951581623453159	Cell_line_mixing	SnapATAC1	2e+05
868	ARI	0.984898878998494	Cell_line_mixing	aggregation	2e+05
869	AMI	0.976202075151927	Cell_line_mixing	aggregation	2e+05
870	MI	2.12717490269105	Cell_line_mixing	aggregation	2e+05
871	VI	0.076292316833543	Cell_line_mixing	aggregation	2e+05
872	AW	0.974530926255329	Cell_line_mixing	aggregation	2e+05
873	AV	0.995489811563614	Cell_line_mixing	aggregation	2e+05
874	AW2	0.979155995005343	Cell_line_mixing	aggregation	2e+05
875	AV2	0.963401811709218	Cell_line_mixing	aggregation	2e+05
876	ARI2	0.971215019983908	Cell_line_mixing	aggregation	2e+05
877	ARI	0.983617112496496	Cell_line_mixing	SnapATAC2	2e+05
878	AMI	0.972905618899667	Cell_line_mixing	SnapATAC2	2e+05
879	MI	2.09364543897006	Cell_line_mixing	SnapATAC2	2e+05
880	VI	0.11626979536879	Cell_line_mixing	SnapATAC2	2e+05
881	AW	0.983181572273045	Cell_line_mixing	SnapATAC2	2e+05
882	AV	0.984053038771439	Cell_line_mixing	SnapATAC2	2e+05
883	AW2	0.975875815462517	Cell_line_mixing	SnapATAC2	2e+05
884	AV2	0.977558908170266	Cell_line_mixing	SnapATAC2	2e+05
885	ARI2	0.976716636734302	Cell_line_mixing	SnapATAC2	2e+05
886	ARI	0.995896754609169	candidate1	Signac	2e+05
887	AMI	0.992363153675051	candidate1	Signac	2e+05
888	MI	2.35614707050933	candidate1	Signac	2e+05
889	VI	0.0344348198771938	candidate1	Signac	2e+05
890	AW	0.994714125305405	candidate1	Signac	2e+05
891	AV	0.997082199348732	candidate1	Signac	2e+05
892	AW2	0.992657797368668	candidate1	Signac	2e+05
893	AV2	0.985764870640917	candidate1	Signac	2e+05
894	ARI2	0.98919932634848	candidate1	Signac	2e+05
895	ARI	0.998724392851046	candidate1	ArchR	2e+05
896	AMI	0.99739645009205	candidate1	ArchR	2e+05
897	MI	2.36694619627431	candidate1	ArchR	2e+05
898	VI	0.0117004850158651	candidate1	ArchR	2e+05
899	AW	0.998312918381182	candidate1	ArchR	2e+05
900	AV	0.999136206655501	candidate1	ArchR	2e+05
901	AW2	0.998350023431435	candidate1	ArchR	2e+05
902	AV2	0.995924154631026	candidate1	ArchR	2e+05
903	ARI2	0.997135613597336	candidate1	ArchR	2e+05
904	ARI	0.960581721195394	candidate1	SnapATAC1	2e+05
905	AMI	0.952431361749671	candidate1	SnapATAC1	2e+05
906	MI	2.25976383389831	candidate1	SnapATAC1	2e+05
907	VI	0.136679363070113	candidate1	SnapATAC1	2e+05
908	AW	0.993825377632927	candidate1	SnapATAC1	2e+05
909	AV	0.929490092823505	candidate1	SnapATAC1	2e+05
910	AW2	0.984444939299857	candidate1	SnapATAC1	2e+05
911	AV2	0.924407755397274	candidate1	SnapATAC1	2e+05
912	ARI2	0.953482203397342	candidate1	SnapATAC1	2e+05
913	ARI	0.981483078742884	candidate1	aggregation	2e+05
914	AMI	0.971785982726258	candidate1	aggregation	2e+05
915	MI	2.3056331214011	candidate1	aggregation	2e+05
916	VI	0.0885678299601578	candidate1	aggregation	2e+05
917	AW	0.994859818029849	candidate1	aggregation	2e+05
918	AV	0.968461290191742	candidate1	aggregation	2e+05
919	AW2	0.980170743199519	candidate1	aggregation	2e+05
920	AV2	0.952296322390002	candidate1	aggregation	2e+05
921	ARI2	0.966032498751464	candidate1	aggregation	2e+05
922	ARI	0.993413270714525	candidate1	SnapATAC2	2e+05
923	AMI	0.988817427799615	candidate1	SnapATAC2	2e+05
924	MI	2.34606204363342	candidate1	SnapATAC2	2e+05
925	VI	0.0529065743562134	candidate1	SnapATAC2	2e+05
926	AW	0.993306932304631	candidate1	SnapATAC2	2e+05
927	AV	0.99351963189496	candidate1	SnapATAC2	2e+05
928	AW2	0.987647481166622	candidate1	SnapATAC2	2e+05
929	AV2	0.987312151956463	candidate1	SnapATAC2	2e+05
930	ARI2	0.9874797880937	candidate1	SnapATAC2	2e+05
931	ARI	0.99408699313342	candidate2	Signac	2e+05
932	AMI	0.990331771999719	candidate2	Signac	2e+05
933	MI	2.09289887688508	candidate2	Signac	2e+05
934	VI	0.0400748949597931	candidate2	Signac	2e+05
935	AW	0.993659727044303	candidate2	Signac	2e+05
936	AV	0.994514626822909	candidate2	Signac	2e+05
937	AW2	0.993270679135016	candidate2	Signac	2e+05
938	AV2	0.98984066401793	candidate2	Signac	2e+05
939	ARI2	0.991552705277141	candidate2	Signac	2e+05
940	ARI	0.996612224209816	candidate2	ArchR	2e+05
941	AMI	0.995027639274323	candidate2	ArchR	2e+05
942	MI	2.10207634367478	candidate2	ArchR	2e+05
943	VI	0.0203326241805506	candidate2	ArchR	2e+05
944	AW	0.997022933476539	candidate2	ArchR	2e+05
945	AV	0.996201853175322	candidate2	ArchR	2e+05
946	AW2	0.994942770984691	candidate2	ArchR	2e+05
947	AV2	0.997791397982465	candidate2	ArchR	2e+05
948	ARI2	0.99636504841778	candidate2	ArchR	2e+05
949	ARI	0.931643316335374	candidate2	SnapATAC1	2e+05
950	AMI	0.913912543613977	candidate2	SnapATAC1	2e+05
951	MI	1.93087965550122	candidate2	SnapATAC1	2e+05
952	VI	0.254179490778544	candidate2	SnapATAC1	2e+05
953	AW	0.974981131055835	candidate2	SnapATAC1	2e+05
954	AV	0.89199425982281	candidate2	SnapATAC1	2e+05
955	AW2	0.965424698320874	candidate2	SnapATAC1	2e+05
956	AV2	0.883839372697609	candidate2	SnapATAC1	2e+05
957	ARI2	0.922832355987704	candidate2	SnapATAC1	2e+05
958	ARI	0.986285447330223	candidate2	aggregation	2e+05
959	AMI	0.981058953352482	candidate2	aggregation	2e+05
960	MI	2.07620689367472	candidate2	aggregation	2e+05
961	VI	0.0763941134444455	candidate2	aggregation	2e+05
962	AW	0.983531597059816	candidate2	aggregation	2e+05
963	AV	0.989054762248633	candidate2	aggregation	2e+05
964	AW2	0.979830680825479	candidate2	aggregation	2e+05
965	AV2	0.969135635450488	candidate2	aggregation	2e+05
966	ARI2	0.974453813352849	candidate2	aggregation	2e+05
967	ARI	0.984685082781084	candidate2	SnapATAC2	2e+05
968	AMI	0.980386175279897	candidate2	SnapATAC2	2e+05
969	MI	2.07118420011886	candidate2	SnapATAC2	2e+05
970	VI	0.0808525218668725	candidate2	SnapATAC2	2e+05
971	AW	0.98690825441258	candidate2	SnapATAC2	2e+05
972	AV	0.982471904749979	candidate2	SnapATAC2	2e+05
973	AW2	0.986333503936405	candidate2	SnapATAC2	2e+05
974	AV2	0.990402313615345	candidate2	SnapATAC2	2e+05
975	ARI2	0.988363721263296	candidate2	SnapATAC2	2e+05
976	ARI	0.417045272580249	Buenrostro_2018	Signac	2e+05
977	AMI	0.586372395979551	Buenrostro_2018	Signac	2e+05
978	MI	1.3211723507293	Buenrostro_2018	Signac	2e+05
979	VI	1.55919821962092	Buenrostro_2018	Signac	2e+05
980	AW	0.348286147131166	Buenrostro_2018	Signac	2e+05
981	AV	0.519631663129306	Buenrostro_2018	Signac	2e+05
982	AW2	0.574695504341435	Buenrostro_2018	Signac	2e+05
983	AV2	0.668411946891406	Buenrostro_2018	Signac	2e+05
984	ARI2	0.618021138149621	Buenrostro_2018	Signac	2e+05
985	ARI	0.511387932231311	Buenrostro_2018	ArchR	2e+05
986	AMI	0.603052079834643	Buenrostro_2018	ArchR	2e+05
987	MI	1.19229182811355	Buenrostro_2018	ArchR	2e+05
988	VI	1.36897833813563	Buenrostro_2018	ArchR	2e+05
989	AW	0.567074352071787	Buenrostro_2018	ArchR	2e+05
990	AV	0.465660319992437	Buenrostro_2018	ArchR	2e+05
991	AW2	0.630742144432224	Buenrostro_2018	ArchR	2e+05
992	AV2	0.647351923791931	Buenrostro_2018	ArchR	2e+05
993	ARI2	0.638939105917574	Buenrostro_2018	ArchR	2e+05
994	ARI	0	Buenrostro_2018	SnapATAC1	2e+05
995	AMI	0	Buenrostro_2018	SnapATAC1	2e+05
996	MI	0	Buenrostro_2018	SnapATAC1	2e+05
997	VI	1.96544959241412	Buenrostro_2018	SnapATAC1	2e+05
998	AW	NA	Buenrostro_2018	SnapATAC1	2e+05
999	AV	0	Buenrostro_2018	SnapATAC1	2e+05
1000	AW2	NA	Buenrostro_2018	SnapATAC1	2e+05
1001	AV2	0	Buenrostro_2018	SnapATAC1	2e+05
1002	ARI2	NA	Buenrostro_2018	SnapATAC1	2e+05
1003	ARI	0.594078910103094	Buenrostro_2018	aggregation	2e+05
1004	AMI	0.668581568153218	Buenrostro_2018	aggregation	2e+05
1005	MI	1.32048476738195	Buenrostro_2018	aggregation	2e+05
1006	VI	1.20065778088011	Buenrostro_2018	aggregation	2e+05
1007	AW	0.646227771124162	Buenrostro_2018	aggregation	2e+05
1008	AV	0.549718120963643	Buenrostro_2018	aggregation	2e+05
1009	AW2	0.645283362006076	Buenrostro_2018	aggregation	2e+05
1010	AV2	0.67109201494852	Buenrostro_2018	aggregation	2e+05
1011	ARI2	0.657934688239537	Buenrostro_2018	aggregation	2e+05
1012	ARI	0.676990076114419	Buenrostro_2018	SnapATAC2	2e+05
1013	AMI	0.705562138694704	Buenrostro_2018	SnapATAC2	2e+05
1014	MI	1.49931279332826	Buenrostro_2018	SnapATAC2	2e+05
1015	VI	1.08716474146951	Buenrostro_2018	SnapATAC2	2e+05
1016	AW	0.645833246725373	Buenrostro_2018	SnapATAC2	2e+05
1017	AV	0.711305471507298	Buenrostro_2018	SnapATAC2	2e+05
1018	AW2	0.615834990919343	Buenrostro_2018	SnapATAC2	2e+05
1019	AV2	0.760886734577973	Buenrostro_2018	SnapATAC2	2e+05
1020	ARI2	0.680719518841338	Buenrostro_2018	SnapATAC2	2e+05
1021	ARI	0.723000344532123	Chen_2019	Signac	2e+05
1022	AMI	0.651040820524486	Chen_2019	Signac	2e+05
1023	MI	1.31609374097371	Chen_2019	Signac	2e+05
1024	VI	1.20847131191778	Chen_2019	Signac	2e+05
1025	AW	0.745578183515973	Chen_2019	Signac	2e+05
1026	AV	0.701749732825673	Chen_2019	Signac	2e+05
1027	AW2	0.701452289900391	Chen_2019	Signac	2e+05
1028	AV2	0.590805565012973	Chen_2019	Signac	2e+05
1029	ARI2	0.641391986728575	Chen_2019	Signac	2e+05
1030	ARI	0.692882335226571	Chen_2019	ArchR	2e+05
1031	AMI	0.634093274684748	Chen_2019	ArchR	2e+05
1032	MI	1.28158573638998	Chen_2019	ArchR	2e+05
1033	VI	1.08963357409514	Chen_2019	ArchR	2e+05
1034	AW	0.817420159792972	Chen_2019	ArchR	2e+05
1035	AV	0.601275214588074	Chen_2019	ArchR	2e+05
1036	AW2	0.738064199841715	Chen_2019	ArchR	2e+05
1037	AV2	0.58595392022024	Chen_2019	ArchR	2e+05
1038	ARI2	0.653271438990927	Chen_2019	ArchR	2e+05
1039	ARI	0.424722072567328	Chen_2019	SnapATAC1	2e+05
1040	AMI	0.390244133837177	Chen_2019	SnapATAC1	2e+05
1041	MI	0.79027853296129	Chen_2019	SnapATAC1	2e+05
1042	VI	1.85709767104505	Chen_2019	SnapATAC1	2e+05
1043	AW	0.601026025937098	Chen_2019	SnapATAC1	2e+05
1044	AV	0.32839209370328	Chen_2019	SnapATAC1	2e+05
1045	AW2	0.480509041715369	Chen_2019	SnapATAC1	2e+05
1046	AV2	0.293103657440681	Chen_2019	SnapATAC1	2e+05
1047	ARI2	0.364107150034469	Chen_2019	SnapATAC1	2e+05
1048	ARI	0.548540074383958	Chen_2019	aggregation	2e+05
1049	AMI	0.546516110672031	Chen_2019	aggregation	2e+05
1050	MI	1.10486478357681	Chen_2019	aggregation	2e+05
1051	VI	1.16636569611112	Chen_2019	aggregation	2e+05
1052	AW	0.849989462014627	Chen_2019	aggregation	2e+05
1053	AV	0.404930998170433	Chen_2019	aggregation	2e+05
1054	AW2	0.731294216363135	Chen_2019	aggregation	2e+05
1055	AV2	0.53799255142039	Chen_2019	aggregation	2e+05
1056	ARI2	0.61992427761175	Chen_2019	aggregation	2e+05
1057	ARI	0.699538046604458	Chen_2019	SnapATAC2	2e+05
1058	AMI	0.651229151296064	Chen_2019	SnapATAC2	2e+05
1059	MI	1.31691803168582	Chen_2019	SnapATAC2	2e+05
1060	VI	1.23836391169683	Chen_2019	SnapATAC2	2e+05
1061	AW	0.719441802165144	Chen_2019	SnapATAC2	2e+05
1062	AV	0.680705940102267	Chen_2019	SnapATAC2	2e+05
1063	AW2	0.648122744940043	Chen_2019	SnapATAC2	2e+05
1064	AV2	0.579329093400324	Chen_2019	SnapATAC2	2e+05
1065	ARI2	0.611798117873081	Chen_2019	SnapATAC2	2e+05
1066	ARI	0.846536380684116	PBMC_multiomics	Signac	2e+05
1067	AMI	0.79337599124119	PBMC_multiomics	Signac	2e+05
1068	MI	1.78947205927973	PBMC_multiomics	Signac	2e+05
1069	VI	0.621738548647242	PBMC_multiomics	Signac	2e+05
1070	AW	0.94745448432719	PBMC_multiomics	Signac	2e+05
1071	AV	0.765047368873044	PBMC_multiomics	Signac	2e+05
1072	AW2	0.861797512033484	PBMC_multiomics	Signac	2e+05
1073	AV2	0.740835855726013	PBMC_multiomics	Signac	2e+05
1074	ARI2	0.79675178382494	PBMC_multiomics	Signac	2e+05
1075	ARI	0.598357336264098	PBMC_multiomics	ArchR	2e+05
1076	AMI	0.756702612133623	PBMC_multiomics	ArchR	2e+05
1077	MI	1.77450038822028	PBMC_multiomics	ArchR	2e+05
1078	VI	1.04634439348564	PBMC_multiomics	ArchR	2e+05
1079	AW	0.51357090040166	PBMC_multiomics	ArchR	2e+05
1080	AV	0.716674556475173	PBMC_multiomics	ArchR	2e+05
1081	AW2	0.770950434903452	PBMC_multiomics	ArchR	2e+05
1082	AV2	0.71587258961532	PBMC_multiomics	ArchR	2e+05
1083	ARI2	0.742391360905944	PBMC_multiomics	ArchR	2e+05
1084	ARI	0.783629927838475	PBMC_multiomics	SnapATAC1	2e+05
1085	AMI	0.756808908895625	PBMC_multiomics	SnapATAC1	2e+05
1086	MI	1.70776232614364	PBMC_multiomics	SnapATAC1	2e+05
1087	VI	0.931961348324006	PBMC_multiomics	SnapATAC1	2e+05
1088	AW	0.826315333424291	PBMC_multiomics	SnapATAC1	2e+05
1089	AV	0.745137945268849	PBMC_multiomics	SnapATAC1	2e+05
1090	AW2	0.787452229331721	PBMC_multiomics	SnapATAC1	2e+05
1091	AV2	0.650402252674967	PBMC_multiomics	SnapATAC1	2e+05
1092	ARI2	0.712395739959023	PBMC_multiomics	SnapATAC1	2e+05
1093	ARI	0.678669974539241	PBMC_multiomics	aggregation	2e+05
1094	AMI	0.787322874862747	PBMC_multiomics	aggregation	2e+05
1095	MI	1.77605262513983	PBMC_multiomics	aggregation	2e+05
1096	VI	0.852686942575509	PBMC_multiomics	aggregation	2e+05
1097	AW	0.637481448241761	PBMC_multiomics	aggregation	2e+05
1098	AV	0.725548639478738	PBMC_multiomics	aggregation	2e+05
1099	AW2	0.814640765210769	PBMC_multiomics	aggregation	2e+05
1100	AV2	0.739305693628061	PBMC_multiomics	aggregation	2e+05
1101	ARI2	0.775147113410691	PBMC_multiomics	aggregation	2e+05
1102	ARI	0.736364976875813	PBMC_multiomics	SnapATAC2	2e+05
1103	AMI	0.72247926129732	PBMC_multiomics	SnapATAC2	2e+05
1104	MI	1.63001077743797	PBMC_multiomics	SnapATAC2	2e+05
1105	VI	0.746271197842494	PBMC_multiomics	SnapATAC2	2e+05
1106	AW	0.960392772189003	PBMC_multiomics	SnapATAC2	2e+05
1107	AV	0.597084870770233	PBMC_multiomics	SnapATAC2	2e+05
1108	AW2	0.881770961721053	PBMC_multiomics	SnapATAC2	2e+05
1109	AV2	0.69564404806741	PBMC_multiomics	SnapATAC2	2e+05
1110	ARI2	0.77772649236067	PBMC_multiomics	SnapATAC2	2e+05
1111	Silhouette_label	0.308506783446867	Cell_line_mixing	Signac	2e+05
1112	FNS	0.0228860988254636	Cell_line_mixing	Signac	2e+05
1113	cLISI_label	1.01493145500958	Cell_line_mixing	Signac	2e+05
1114	log_geary_c_knn	-2.54545637947727	Cell_line_mixing	Signac	2e+05
1115	avg_pwc_snn	0.00469965444089172	Cell_line_mixing	Signac	2e+05
1116	Silhouette_label	0.429963562478231	Cell_line_mixing	ArchR	2e+05
1117	FNS	0.0193584425180126	Cell_line_mixing	ArchR	2e+05
1118	cLISI_label	1.0049095320116	Cell_line_mixing	ArchR	2e+05
1119	log_geary_c_knn	-3.22326795463827	Cell_line_mixing	ArchR	2e+05
1120	avg_pwc_snn	0.00173754155134083	Cell_line_mixing	ArchR	2e+05
1121	Silhouette_label	0.310358630018747	Cell_line_mixing	SnapATAC1	2e+05
1122	FNS	0.0075415123995511	Cell_line_mixing	SnapATAC1	2e+05
1123	cLISI_label	1.02076996059452	Cell_line_mixing	SnapATAC1	2e+05
1124	log_geary_c_knn	-1.71675424726094	Cell_line_mixing	SnapATAC1	2e+05
1125	avg_pwc_snn	0.00489245188676079	Cell_line_mixing	SnapATAC1	2e+05
1126	Silhouette_label	0.470279764329928	Cell_line_mixing	aggregation	2e+05
1127	FNS	0.0110780499448711	Cell_line_mixing	aggregation	2e+05
1128	cLISI_label	1.00517975824228	Cell_line_mixing	aggregation	2e+05
1129	log_geary_c_knn	-1.61450676549618	Cell_line_mixing	aggregation	2e+05
1130	avg_pwc_snn	0.00213366893687632	Cell_line_mixing	aggregation	2e+05
1131	Silhouette_label	0.293360835957984	Cell_line_mixing	SnapATAC2	2e+05
1132	FNS	0.0513606493694605	Cell_line_mixing	SnapATAC2	2e+05
1133	cLISI_label	1.04311236325537	Cell_line_mixing	SnapATAC2	2e+05
1134	log_geary_c_knn	-0.652203759765359	Cell_line_mixing	SnapATAC2	2e+05
1135	avg_pwc_snn	0.0122975557075184	Cell_line_mixing	SnapATAC2	2e+05
1136	Silhouette_label	0.389789670688887	candidate1	Signac	2e+05
1137	FNS	0.119127816656423	candidate1	Signac	2e+05
1138	cLISI_label	1.00827380188947	candidate1	Signac	2e+05
1139	log_geary_c_knn	-3.06456686547924	candidate1	Signac	2e+05
1140	avg_pwc_snn	0.00460536333851963	candidate1	Signac	2e+05
1141	Silhouette_label	0.474246921489151	candidate1	ArchR	2e+05
1142	FNS	0.0640756815998088	candidate1	ArchR	2e+05
1143	cLISI_label	1.0032340494996	candidate1	ArchR	2e+05
1144	log_geary_c_knn	-3.61385638229822	candidate1	ArchR	2e+05
1145	avg_pwc_snn	0.000621120806396277	candidate1	ArchR	2e+05
1146	Silhouette_label	0.270702759193387	candidate1	SnapATAC1	2e+05
1147	FNS	0.065270127419844	candidate1	SnapATAC1	2e+05
1148	cLISI_label	1.0413440659937	candidate1	SnapATAC1	2e+05
1149	log_geary_c_knn	-2.16487032358798	candidate1	SnapATAC1	2e+05
1150	avg_pwc_snn	0.0263081680613018	candidate1	SnapATAC1	2e+05
1151	Silhouette_label	0.415871565252328	candidate1	aggregation	2e+05
1152	FNS	0.0334384635043878	candidate1	aggregation	2e+05
1153	cLISI_label	1.02321435952791	candidate1	aggregation	2e+05
1154	log_geary_c_knn	-2.17367644250379	candidate1	aggregation	2e+05
1155	avg_pwc_snn	0.0174285725799577	candidate1	aggregation	2e+05
1156	Silhouette_label	0.425051805915333	candidate1	SnapATAC2	2e+05
1157	FNS	0.0298582860592852	candidate1	SnapATAC2	2e+05
1158	cLISI_label	1.01818860102761	candidate1	SnapATAC2	2e+05
1159	log_geary_c_knn	-1.18683866754276	candidate1	SnapATAC2	2e+05
1160	avg_pwc_snn	0.00732923087711168	candidate1	SnapATAC2	2e+05
1161	Silhouette_label	0.238685321975441	candidate2	Signac	2e+05
1162	FNS	0.149548387701199	candidate2	Signac	2e+05
1163	cLISI_label	1.01363121141107	candidate2	Signac	2e+05
1164	log_geary_c_knn	-2.55535458837244	candidate2	Signac	2e+05
1165	avg_pwc_snn	0.00354156219259509	candidate2	Signac	2e+05
1166	Silhouette_label	0.219142441671417	candidate2	ArchR	2e+05
1167	FNS	0.182020859485403	candidate2	ArchR	2e+05
1168	cLISI_label	1.00652742512056	candidate2	ArchR	2e+05
1169	log_geary_c_knn	-4.57532795954385	candidate2	ArchR	2e+05
1170	avg_pwc_snn	0.00270610226947519	candidate2	ArchR	2e+05
1171	Silhouette_label	0.176957764538342	candidate2	SnapATAC1	2e+05
1172	FNS	0.078363009501442	candidate2	SnapATAC1	2e+05
1173	cLISI_label	1.112511000161	candidate2	SnapATAC1	2e+05
1174	log_geary_c_knn	-1.89694275860663	candidate2	SnapATAC1	2e+05
1175	avg_pwc_snn	0.0779401155703791	candidate2	SnapATAC1	2e+05
1176	Silhouette_label	0.34523413730596	candidate2	aggregation	2e+05
1177	FNS	0.0233779244760038	candidate2	aggregation	2e+05
1178	cLISI_label	1.02223207507073	candidate2	aggregation	2e+05
1179	log_geary_c_knn	-2.05887396517298	candidate2	aggregation	2e+05
1180	avg_pwc_snn	0.010772315236396	candidate2	aggregation	2e+05
1181	Silhouette_label	0.301809971305645	candidate2	SnapATAC2	2e+05
1182	FNS	0.0213332132432407	candidate2	SnapATAC2	2e+05
1183	cLISI_label	1.02669638726588	candidate2	SnapATAC2	2e+05
1184	log_geary_c_knn	-0.966409288105649	candidate2	SnapATAC2	2e+05
1185	avg_pwc_snn	0.0062129930274589	candidate2	SnapATAC2	2e+05
1186	Silhouette_label	0.021108613051839	Buenrostro_2018	Signac	2e+05
1187	FNS	0.307143304984248	Buenrostro_2018	Signac	2e+05
1188	cLISI_label	1.47759918504367	Buenrostro_2018	Signac	2e+05
1189	log_geary_c_knn	-1.69940752059557	Buenrostro_2018	Signac	2e+05
1190	avg_pwc_snn	0.202464514040731	Buenrostro_2018	Signac	2e+05
1191	Silhouette_label	0.062942641269159	Buenrostro_2018	ArchR	2e+05
1192	FNS	0.306195543718547	Buenrostro_2018	ArchR	2e+05
1193	cLISI_label	1.4443025046071	Buenrostro_2018	ArchR	2e+05
1194	log_geary_c_knn	-1.88405000312468	Buenrostro_2018	ArchR	2e+05
1195	avg_pwc_snn	0.194955711292682	Buenrostro_2018	ArchR	2e+05
1196	Silhouette_label	-0.0239062003662732	Buenrostro_2018	SnapATAC1	2e+05
1197	FNS	0.86388576308135	Buenrostro_2018	SnapATAC1	2e+05
1198	cLISI_label	4.4587148439129	Buenrostro_2018	SnapATAC1	2e+05
1199	log_geary_c_knn	-0.0265937445300746	Buenrostro_2018	SnapATAC1	2e+05
1200	avg_pwc_snn	0.99933598937583	Buenrostro_2018	SnapATAC1	2e+05
1201	Silhouette_label	0.130606604545235	Buenrostro_2018	aggregation	2e+05
1202	FNS	0.186686786405845	Buenrostro_2018	aggregation	2e+05
1203	cLISI_label	1.38539560309731	Buenrostro_2018	aggregation	2e+05
1204	log_geary_c_knn	-1.61694188204311	Buenrostro_2018	aggregation	2e+05
1205	avg_pwc_snn	0.171848190835911	Buenrostro_2018	aggregation	2e+05
1206	Silhouette_label	0.13068650928525	Buenrostro_2018	SnapATAC2	2e+05
1207	FNS	0.205360788646529	Buenrostro_2018	SnapATAC2	2e+05
1208	cLISI_label	1.33727702463893	Buenrostro_2018	SnapATAC2	2e+05
1209	log_geary_c_knn	-0.529146828897903	Buenrostro_2018	SnapATAC2	2e+05
1210	avg_pwc_snn	0.142691644531585	Buenrostro_2018	SnapATAC2	2e+05
1211	Silhouette_label	-0.0608876147229219	Chen_2019	Signac	2e+05
1212	FNS	0.655087754118998	Chen_2019	Signac	2e+05
1213	cLISI_label	1.56693198774179	Chen_2019	Signac	2e+05
1214	log_geary_c_knn	-1.52045852356272	Chen_2019	Signac	2e+05
1215	avg_pwc_snn	0.565819514277471	Chen_2019	Signac	2e+05
1216	Silhouette_label	-0.0539911702003813	Chen_2019	ArchR	2e+05
1217	FNS	0.602698525456487	Chen_2019	ArchR	2e+05
1218	cLISI_label	1.46070412880921	Chen_2019	ArchR	2e+05
1219	log_geary_c_knn	-1.57680316718809	Chen_2019	ArchR	2e+05
1220	avg_pwc_snn	0.520149585867228	Chen_2019	ArchR	2e+05
1221	Silhouette_label	-0.0107334117070754	Chen_2019	SnapATAC1	2e+05
1222	FNS	0.615751999813426	Chen_2019	SnapATAC1	2e+05
1223	cLISI_label	2.36147820509329	Chen_2019	SnapATAC1	2e+05
1224	log_geary_c_knn	-0.667056520587786	Chen_2019	SnapATAC1	2e+05
1225	avg_pwc_snn	0.701307498255017	Chen_2019	SnapATAC1	2e+05
1226	Silhouette_label	0.103087206573536	Chen_2019	aggregation	2e+05
1227	FNS	0.375949999686242	Chen_2019	aggregation	2e+05
1228	cLISI_label	1.50423952881733	Chen_2019	aggregation	2e+05
1229	log_geary_c_knn	-1.3389444832296	Chen_2019	aggregation	2e+05
1230	avg_pwc_snn	0.521335779961242	Chen_2019	aggregation	2e+05
1231	Silhouette_label	0.0694288530277274	Chen_2019	SnapATAC2	2e+05
1232	FNS	0.343611508191898	Chen_2019	SnapATAC2	2e+05
1233	cLISI_label	1.72413855417583	Chen_2019	SnapATAC2	2e+05
1234	log_geary_c_knn	-0.430086109725564	Chen_2019	SnapATAC2	2e+05
1235	avg_pwc_snn	0.507816685838662	Chen_2019	SnapATAC2	2e+05
1236	Silhouette_label	0.13399446894684	PBMC_multiomics	Signac	2e+05
1237	FNS	0.247553088753457	PBMC_multiomics	Signac	2e+05
1238	cLISI_label	1.22824783932329	PBMC_multiomics	Signac	2e+05
1239	log_geary_c_knn	-1.96374271409435	PBMC_multiomics	Signac	2e+05
1240	avg_pwc_snn	0.194221040108211	PBMC_multiomics	Signac	2e+05
1241	Silhouette_label	0.231561052019465	PBMC_multiomics	ArchR	2e+05
1242	FNS	0.214417911707865	PBMC_multiomics	ArchR	2e+05
1243	cLISI_label	1.21629687596742	PBMC_multiomics	ArchR	2e+05
1244	log_geary_c_knn	-3.12637948756095	PBMC_multiomics	ArchR	2e+05
1245	avg_pwc_snn	0.201609120250562	PBMC_multiomics	ArchR	2e+05
1246	Silhouette_label	0.132845166986132	PBMC_multiomics	SnapATAC1	2e+05
1247	FNS	0.207693517396407	PBMC_multiomics	SnapATAC1	2e+05
1248	cLISI_label	1.29378679297402	PBMC_multiomics	SnapATAC1	2e+05
1249	log_geary_c_knn	-2.07151118540322	PBMC_multiomics	SnapATAC1	2e+05
1250	avg_pwc_snn	0.240428793242654	PBMC_multiomics	SnapATAC1	2e+05
1251	Silhouette_label	0.164081190777882	PBMC_multiomics	aggregation	2e+05
1252	FNS	0.182204001488529	PBMC_multiomics	aggregation	2e+05
1253	cLISI_label	1.25846771736637	PBMC_multiomics	aggregation	2e+05
1254	log_geary_c_knn	-1.38488521346315	PBMC_multiomics	aggregation	2e+05
1255	avg_pwc_snn	0.239105428553249	PBMC_multiomics	aggregation	2e+05
1256	Silhouette_label	0.172719058722135	PBMC_multiomics	SnapATAC2	2e+05
1257	FNS	0.224490251298022	PBMC_multiomics	SnapATAC2	2e+05
1258	cLISI_label	1.24979937590666	PBMC_multiomics	SnapATAC2	2e+05
1259	log_geary_c_knn	-0.485650962445964	PBMC_multiomics	SnapATAC2	2e+05
1260	avg_pwc_snn	0.228979143084699	PBMC_multiomics	SnapATAC2	2e+05
1345	ARI	0.961884815055588	Cell_line_mixing	Signac	5e+05
1346	AMI	0.942123728464474	Cell_line_mixing	Signac	5e+05
1347	MI	2.08930915736201	Cell_line_mixing	Signac	5e+05
1348	VI	0.19056153766418	Cell_line_mixing	Signac	5e+05
1349	AW	0.934611473362743	Cell_line_mixing	Signac	5e+05
1350	AV	0.990797755352596	Cell_line_mixing	Signac	5e+05
1351	AW2	0.940653408405949	Cell_line_mixing	Signac	5e+05
1352	AV2	0.907085638819126	Cell_line_mixing	Signac	5e+05
1353	ARI2	0.923564611737474	Cell_line_mixing	Signac	5e+05
1354	ARI	0.968005654877122	Cell_line_mixing	ArchR	5e+05
1355	AMI	0.952893835097732	Cell_line_mixing	ArchR	5e+05
1356	MI	2.13237615613053	Cell_line_mixing	ArchR	5e+05
1357	VI	0.124562521747075	Cell_line_mixing	ArchR	5e+05
1358	AW	0.940653978474678	Cell_line_mixing	ArchR	5e+05
1359	AV	0.996995593222685	Cell_line_mixing	ArchR	5e+05
1360	AW2	0.961869161652708	Cell_line_mixing	ArchR	5e+05
1361	AV2	0.953294187833539	Cell_line_mixing	ArchR	5e+05
1362	ARI2	0.957562477901241	Cell_line_mixing	ArchR	5e+05
1363	ARI	0.949740003065331	Cell_line_mixing	SnapATAC1	5e+05
1364	AMI	0.940949904280549	Cell_line_mixing	SnapATAC1	5e+05
1365	MI	2.07677275565179	Cell_line_mixing	SnapATAC1	5e+05
1366	VI	0.205058030726195	Cell_line_mixing	SnapATAC1	5e+05
1367	AW	0.927158213492458	Cell_line_mixing	SnapATAC1	5e+05
1368	AV	0.973449253418364	Cell_line_mixing	SnapATAC1	5e+05
1369	AW2	0.952149969535771	Cell_line_mixing	SnapATAC1	5e+05
1370	AV2	0.964464929853214	Cell_line_mixing	SnapATAC1	5e+05
1371	ARI2	0.958267885604787	Cell_line_mixing	SnapATAC1	5e+05
1372	ARI	0.980152271822244	Cell_line_mixing	aggregation	5e+05
1373	AMI	0.967339792235705	Cell_line_mixing	aggregation	5e+05
1374	MI	2.13181445712097	Cell_line_mixing	aggregation	5e+05
1375	VI	0.0917412556658901	Cell_line_mixing	aggregation	5e+05
1376	AW	0.964456626941218	Cell_line_mixing	aggregation	5e+05
1377	AV	0.996367232469601	Cell_line_mixing	aggregation	5e+05
1378	AW2	0.968957074224146	Cell_line_mixing	aggregation	5e+05
1379	AV2	0.975414515146508	Cell_line_mixing	aggregation	5e+05
1380	ARI2	0.972175071801004	Cell_line_mixing	aggregation	5e+05
1381	ARI	0.957816141270033	Cell_line_mixing	SnapATAC2	5e+05
1382	AMI	0.952439544544313	Cell_line_mixing	SnapATAC2	5e+05
1383	MI	2.06015908230588	Cell_line_mixing	SnapATAC2	5e+05
1384	VI	0.194276866836082	Cell_line_mixing	SnapATAC2	5e+05
1385	AW	0.946592951214667	Cell_line_mixing	SnapATAC2	5e+05
1386	AV	0.969308657960169	Cell_line_mixing	SnapATAC2	5e+05
1387	AW2	0.963423229039745	Cell_line_mixing	SnapATAC2	5e+05
1388	AV2	0.952017919460465	Cell_line_mixing	SnapATAC2	5e+05
1389	ARI2	0.957686618342167	Cell_line_mixing	SnapATAC2	5e+05
1390	ARI	0.995857302134571	candidate1	Signac	5e+05
1391	AMI	0.992270266037626	candidate1	Signac	5e+05
1392	MI	2.35583892460454	candidate1	Signac	5e+05
1393	VI	0.0349624856931463	candidate1	Signac	5e+05
1394	AW	0.99470311916535	candidate1	Signac	5e+05
1395	AV	0.997014166679461	candidate1	Signac	5e+05
1396	AW2	0.99187171147264	candidate1	Signac	5e+05
1397	AV2	0.985614057148941	candidate1	Signac	5e+05
1398	ARI2	0.988732983294496	candidate1	Signac	5e+05
1399	ARI	0.998537023682005	candidate1	ArchR	5e+05
1400	AMI	0.996762154657436	candidate1	ArchR	5e+05
1401	MI	2.3656220896873	candidate1	ArchR	5e+05
1402	VI	0.0145281531706862	candidate1	ArchR	5e+05
1403	AW	0.998082158300092	candidate1	ArchR	5e+05
1404	AV	0.998992303853123	candidate1	ArchR	5e+05
1405	AW2	0.997062388612667	candidate1	ArchR	5e+05
1406	AV2	0.993015116089053	candidate1	ArchR	5e+05
1407	ARI2	0.995034636829017	candidate1	ArchR	5e+05
1408	ARI	0.965102401474055	candidate1	SnapATAC1	5e+05
1409	AMI	0.964235111494455	candidate1	SnapATAC1	5e+05
1410	MI	2.28774371335533	candidate1	SnapATAC1	5e+05
1411	VI	0.104442278821342	candidate1	SnapATAC1	5e+05
1412	AW	0.994920305907036	candidate1	SnapATAC1	5e+05
1413	AV	0.937019783996909	candidate1	SnapATAC1	5e+05
1414	AW2	0.987060023120968	candidate1	SnapATAC1	5e+05
1415	AV2	0.960702288873214	candidate1	SnapATAC1	5e+05
1416	ARI2	0.973702815408407	candidate1	SnapATAC1	5e+05
1417	ARI	0.978621825150282	candidate1	aggregation	5e+05
1418	AMI	0.968218293604716	candidate1	aggregation	5e+05
1419	MI	2.29718060307695	candidate1	aggregation	5e+05
1420	VI	0.102988919298732	candidate1	aggregation	5e+05
1421	AW	0.993312259311361	candidate1	aggregation	5e+05
1422	AV	0.964359582019324	candidate1	aggregation	5e+05
1423	AW2	0.969427096415997	candidate1	aggregation	5e+05
1424	AV2	0.95026078334199	candidate1	aggregation	5e+05
1425	ARI2	0.959748260898904	candidate1	aggregation	5e+05
1426	ARI	0.995656159601485	candidate1	SnapATAC2	5e+05
1427	AMI	0.992579711976015	candidate1	SnapATAC2	5e+05
1428	MI	2.35579645792036	candidate1	SnapATAC2	5e+05
1429	VI	0.0342655848382103	candidate1	SnapATAC2	5e+05
1430	AW	0.994872018663565	candidate1	SnapATAC2	5e+05
1431	AV	0.996441537607121	candidate1	SnapATAC2	5e+05
1432	AW2	0.994872497604288	candidate1	SnapATAC2	5e+05
1433	AV2	0.992558877288729	candidate1	SnapATAC2	5e+05
1434	ARI2	0.993714340773855	candidate1	SnapATAC2	5e+05
1435	ARI	0.99408699313342	candidate2	Signac	5e+05
1436	AMI	0.990331771999719	candidate2	Signac	5e+05
1437	MI	2.09289887688508	candidate2	Signac	5e+05
1438	VI	0.0400748949597931	candidate2	Signac	5e+05
1439	AW	0.993659727044303	candidate2	Signac	5e+05
1440	AV	0.994514626822909	candidate2	Signac	5e+05
1441	AW2	0.993270679135016	candidate2	Signac	5e+05
1442	AV2	0.98984066401793	candidate2	Signac	5e+05
1443	ARI2	0.991552705277141	candidate2	Signac	5e+05
1444	ARI	0.998031841022408	candidate2	ArchR	5e+05
1445	AMI	0.996711285396743	candidate2	ArchR	5e+05
1446	MI	2.10562868215104	candidate2	ArchR	5e+05
1447	VI	0.0135417952695018	candidate2	ArchR	5e+05
1448	AW	0.998217308279032	candidate2	ArchR	5e+05
1449	AV	0.99784644267205	candidate2	ArchR	5e+05
1450	AW2	0.99705783362844	candidate2	ArchR	5e+05
1451	AV2	0.998629052237715	candidate2	ArchR	5e+05
1452	ARI2	0.997842824417234	candidate2	ArchR	5e+05
1453	ARI	0.987252219471056	candidate2	SnapATAC1	5e+05
1454	AMI	0.982714916583421	candidate2	SnapATAC1	5e+05
1455	MI	2.07609763176533	candidate2	SnapATAC1	5e+05
1456	VI	0.0707988160095558	candidate2	SnapATAC1	5e+05
1457	AW	0.98910134220031	candidate2	SnapATAC1	5e+05
1458	AV	0.985409997702019	candidate2	SnapATAC1	5e+05
1459	AW2	0.982456560863622	candidate2	SnapATAC1	5e+05
1460	AV2	0.989358029745221	candidate2	SnapATAC1	5e+05
1461	ARI2	0.985895217527699	candidate2	SnapATAC1	5e+05
1462	ARI	0.984520987553716	candidate2	aggregation	5e+05
1463	AMI	0.979647966934106	candidate2	aggregation	5e+05
1464	MI	2.07334504257035	candidate2	aggregation	5e+05
1465	VI	0.0822406999283274	candidate2	aggregation	5e+05
1466	AW	0.981653466755344	candidate2	aggregation	5e+05
1467	AV	0.987405310137122	candidate2	aggregation	5e+05
1468	AW2	0.979865967162001	candidate2	aggregation	5e+05
1469	AV2	0.968697131652482	candidate2	aggregation	5e+05
1470	ARI2	0.974249540465187	candidate2	aggregation	5e+05
1471	ARI	0.993018966492262	candidate2	SnapATAC2	5e+05
1472	AMI	0.990267591523415	candidate2	SnapATAC2	5e+05
1473	MI	2.09203307995083	candidate2	SnapATAC2	5e+05
1474	VI	0.040433867338141	candidate2	SnapATAC2	5e+05
1475	AW	0.993824142699383	candidate2	SnapATAC2	5e+05
1476	AV	0.992215093903912	candidate2	SnapATAC2	5e+05
1477	AW2	0.993939289971174	candidate2	SnapATAC2	5e+05
1478	AV2	0.994989762901231	candidate2	SnapATAC2	5e+05
1479	ARI2	0.994464249027269	candidate2	SnapATAC2	5e+05
1480	ARI	0.417045272580249	Buenrostro_2018	Signac	5e+05
1481	AMI	0.586372395979551	Buenrostro_2018	Signac	5e+05
1482	MI	1.3211723507293	Buenrostro_2018	Signac	5e+05
1483	VI	1.55919821962092	Buenrostro_2018	Signac	5e+05
1484	AW	0.348286147131166	Buenrostro_2018	Signac	5e+05
1485	AV	0.519631663129306	Buenrostro_2018	Signac	5e+05
1486	AW2	0.574695504341435	Buenrostro_2018	Signac	5e+05
1487	AV2	0.668411946891406	Buenrostro_2018	Signac	5e+05
1488	ARI2	0.618021138149621	Buenrostro_2018	Signac	5e+05
1489	ARI	0.402935966142811	Buenrostro_2018	ArchR	5e+05
1490	AMI	0.563724882867652	Buenrostro_2018	ArchR	5e+05
1491	MI	1.11447934515677	Buenrostro_2018	ArchR	5e+05
1492	VI	1.60191753984799	Buenrostro_2018	ArchR	5e+05
1493	AW	0.393728865735496	Buenrostro_2018	ArchR	5e+05
1494	AV	0.412583981502433	Buenrostro_2018	ArchR	5e+05
1495	AW2	0.653596937705256	Buenrostro_2018	ArchR	5e+05
1496	AV2	0.457528459535382	Buenrostro_2018	ArchR	5e+05
1497	ARI2	0.538263639383927	Buenrostro_2018	ArchR	5e+05
1498	ARI	0.440021221469685	Buenrostro_2018	SnapATAC1	5e+05
1499	AMI	0.538962283920061	Buenrostro_2018	SnapATAC1	5e+05
1500	MI	1.06598015244358	Buenrostro_2018	SnapATAC1	5e+05
1501	VI	1.46045800615511	Buenrostro_2018	SnapATAC1	5e+05
1502	AW	0.557997218971709	Buenrostro_2018	SnapATAC1	5e+05
1503	AV	0.363225364385661	Buenrostro_2018	SnapATAC1	5e+05
1504	AW2	0.674851024892279	Buenrostro_2018	SnapATAC1	5e+05
1505	AV2	0.623443525676915	Buenrostro_2018	SnapATAC1	5e+05
1506	ARI2	0.648129505097385	Buenrostro_2018	SnapATAC1	5e+05
1507	ARI	0.554899292351487	Buenrostro_2018	aggregation	5e+05
1508	AMI	0.655676317507318	Buenrostro_2018	aggregation	5e+05
1509	MI	1.29536768742773	Buenrostro_2018	aggregation	5e+05
1510	VI	1.27841161680888	Buenrostro_2018	aggregation	5e+05
1511	AW	0.580606751325707	Buenrostro_2018	aggregation	5e+05
1512	AV	0.531371803550106	Buenrostro_2018	aggregation	5e+05
1513	AW2	0.645209058497709	Buenrostro_2018	aggregation	5e+05
1514	AV2	0.65875016764516	Buenrostro_2018	aggregation	5e+05
1515	ARI2	0.651909303496845	Buenrostro_2018	aggregation	5e+05
1516	ARI	0.591351625788702	Buenrostro_2018	SnapATAC2	5e+05
1517	AMI	0.662421398194002	Buenrostro_2018	SnapATAC2	5e+05
1518	MI	1.31310192507167	Buenrostro_2018	SnapATAC2	5e+05
1519	VI	1.28441830781351	Buenrostro_2018	SnapATAC2	5e+05
1520	AW	0.633631693638415	Buenrostro_2018	SnapATAC2	5e+05
1521	AV	0.554361018011234	Buenrostro_2018	SnapATAC2	5e+05
1522	AW2	0.594466214501367	Buenrostro_2018	SnapATAC2	5e+05
1523	AV2	0.747879827816637	Buenrostro_2018	SnapATAC2	5e+05
1524	ARI2	0.662406378278376	Buenrostro_2018	SnapATAC2	5e+05
1525	ARI	0.723000344532123	Chen_2019	Signac	5e+05
1526	AMI	0.651040820524486	Chen_2019	Signac	5e+05
1527	MI	1.31609374097371	Chen_2019	Signac	5e+05
1528	VI	1.20847131191778	Chen_2019	Signac	5e+05
1529	AW	0.745578183515973	Chen_2019	Signac	5e+05
1530	AV	0.701749732825673	Chen_2019	Signac	5e+05
1531	AW2	0.701452289900391	Chen_2019	Signac	5e+05
1532	AV2	0.590805565012973	Chen_2019	Signac	5e+05
1533	ARI2	0.641391986728575	Chen_2019	Signac	5e+05
1534	ARI	0.598637575538655	Chen_2019	ArchR	5e+05
1535	AMI	0.553469413189375	Chen_2019	ArchR	5e+05
1536	MI	1.1188582039408	Chen_2019	ArchR	5e+05
1537	VI	1.21187864574589	Chen_2019	ArchR	5e+05
1538	AW	0.816388835382674	Chen_2019	ArchR	5e+05
1539	AV	0.472586872287529	Chen_2019	ArchR	5e+05
1540	AW2	0.736875276966049	Chen_2019	ArchR	5e+05
1541	AV2	0.482012399259009	Chen_2019	ArchR	5e+05
1542	ARI2	0.582798607505931	Chen_2019	ArchR	5e+05
1543	ARI	0.667645198594917	Chen_2019	SnapATAC1	5e+05
1544	AMI	0.634354410195523	Chen_2019	SnapATAC1	5e+05
1545	MI	1.28257674059207	Chen_2019	SnapATAC1	5e+05
1546	VI	1.15079970416868	Chen_2019	SnapATAC1	5e+05
1547	AW	0.754514130111218	Chen_2019	SnapATAC1	5e+05
1548	AV	0.598713902400599	Chen_2019	SnapATAC1	5e+05
1549	AW2	0.716389631706141	Chen_2019	SnapATAC1	5e+05
1550	AV2	0.574979305994742	Chen_2019	SnapATAC1	5e+05
1551	ARI2	0.637941956376273	Chen_2019	SnapATAC1	5e+05
1552	ARI	0.530885206153416	Chen_2019	aggregation	5e+05
1553	AMI	0.536102138201886	Chen_2019	aggregation	5e+05
1554	MI	1.08390020449272	Chen_2019	aggregation	5e+05
1555	VI	1.21684527073595	Chen_2019	aggregation	5e+05
1556	AW	0.816276088666531	Chen_2019	aggregation	5e+05
1557	AV	0.393357440085376	Chen_2019	aggregation	5e+05
1558	AW2	0.732976999630776	Chen_2019	aggregation	5e+05
1559	AV2	0.524585295090341	Chen_2019	aggregation	5e+05
1560	ARI2	0.611514765129013	Chen_2019	aggregation	5e+05
1561	ARI	0.699538046604458	Chen_2019	SnapATAC2	5e+05
1562	AMI	0.651229151296064	Chen_2019	SnapATAC2	5e+05
1563	MI	1.31691803168582	Chen_2019	SnapATAC2	5e+05
1564	VI	1.23836391169683	Chen_2019	SnapATAC2	5e+05
1565	AW	0.719441802165144	Chen_2019	SnapATAC2	5e+05
1566	AV	0.680705940102267	Chen_2019	SnapATAC2	5e+05
1567	AW2	0.648122744940043	Chen_2019	SnapATAC2	5e+05
1568	AV2	0.579329093400324	Chen_2019	SnapATAC2	5e+05
1569	ARI2	0.611798117873081	Chen_2019	SnapATAC2	5e+05
1570	ARI	0.846536380684116	PBMC_multiomics	Signac	5e+05
1571	AMI	0.79337599124119	PBMC_multiomics	Signac	5e+05
1572	MI	1.78947205927973	PBMC_multiomics	Signac	5e+05
1573	VI	0.621738548647242	PBMC_multiomics	Signac	5e+05
1574	AW	0.94745448432719	PBMC_multiomics	Signac	5e+05
1575	AV	0.765047368873044	PBMC_multiomics	Signac	5e+05
1576	AW2	0.861797512033484	PBMC_multiomics	Signac	5e+05
1577	AV2	0.740835855726013	PBMC_multiomics	Signac	5e+05
1578	ARI2	0.79675178382494	PBMC_multiomics	Signac	5e+05
1579	ARI	0.628581732653233	PBMC_multiomics	ArchR	5e+05
1580	AMI	0.748174072009988	PBMC_multiomics	ArchR	5e+05
1581	MI	1.79439566659907	PBMC_multiomics	ArchR	5e+05
1582	VI	1.05943578043866	PBMC_multiomics	ArchR	5e+05
1583	AW	0.531530884949043	PBMC_multiomics	ArchR	5e+05
1584	AV	0.768989541472733	PBMC_multiomics	ArchR	5e+05
1585	AW2	0.735641989925609	PBMC_multiomics	ArchR	5e+05
1586	AV2	0.706329762101244	PBMC_multiomics	ArchR	5e+05
1587	ARI2	0.720687948297845	PBMC_multiomics	ArchR	5e+05
1588	ARI	0.79139534622178	PBMC_multiomics	SnapATAC1	5e+05
1589	AMI	0.772785475709041	PBMC_multiomics	SnapATAC1	5e+05
1590	MI	1.74360848873594	PBMC_multiomics	SnapATAC1	5e+05
1591	VI	0.909068816885489	PBMC_multiomics	SnapATAC1	5e+05
1592	AW	0.810889066063169	PBMC_multiomics	SnapATAC1	5e+05
1593	AV	0.772816879248597	PBMC_multiomics	SnapATAC1	5e+05
1594	AW2	0.803773265364638	PBMC_multiomics	SnapATAC1	5e+05
1595	AV2	0.675254038790472	PBMC_multiomics	SnapATAC1	5e+05
1596	ARI2	0.733929849955438	PBMC_multiomics	SnapATAC1	5e+05
1597	ARI	0.684385063120354	PBMC_multiomics	aggregation	5e+05
1598	AMI	0.793178984965926	PBMC_multiomics	aggregation	5e+05
1599	MI	1.78919885393987	PBMC_multiomics	aggregation	5e+05
1600	VI	0.835759669914999	PBMC_multiomics	aggregation	5e+05
1601	AW	0.639646066224675	PBMC_multiomics	aggregation	5e+05
1602	AV	0.735853103748826	PBMC_multiomics	aggregation	5e+05
1603	AW2	0.840839380299005	PBMC_multiomics	aggregation	5e+05
1604	AV2	0.732236842741005	PBMC_multiomics	aggregation	5e+05
1605	ARI2	0.782789243222561	PBMC_multiomics	aggregation	5e+05
1606	ARI	0.85306031214276	PBMC_multiomics	SnapATAC2	5e+05
1607	AMI	0.797326021205293	PBMC_multiomics	SnapATAC2	5e+05
1608	MI	1.79834292355723	PBMC_multiomics	SnapATAC2	5e+05
1609	VI	0.612744720147345	PBMC_multiomics	SnapATAC2	5e+05
1610	AW	0.947602141049278	PBMC_multiomics	SnapATAC2	5e+05
1611	AV	0.775671885588834	PBMC_multiomics	SnapATAC2	5e+05
1612	AW2	0.875676621684197	PBMC_multiomics	SnapATAC2	5e+05
1613	AV2	0.742959795806337	PBMC_multiomics	SnapATAC2	5e+05
1614	ARI2	0.80387728461902	PBMC_multiomics	SnapATAC2	5e+05
1615	Silhouette_label	0.310826308506482	Cell_line_mixing	Signac	5e+05
1616	FNS	0.0221039863830026	Cell_line_mixing	Signac	5e+05
1617	cLISI_label	1.01520032892526	Cell_line_mixing	Signac	5e+05
1618	log_geary_c_knn	-2.56584779653909	Cell_line_mixing	Signac	5e+05
1619	avg_pwc_snn	0.00483222827698227	Cell_line_mixing	Signac	5e+05
1620	Silhouette_label	0.413055250813669	Cell_line_mixing	ArchR	5e+05
1621	FNS	0.0250659577443051	Cell_line_mixing	ArchR	5e+05
1622	cLISI_label	1.00581592272293	Cell_line_mixing	ArchR	5e+05
1623	log_geary_c_knn	-3.33155867964632	Cell_line_mixing	ArchR	5e+05
1624	avg_pwc_snn	0.00202176453978698	Cell_line_mixing	ArchR	5e+05
1625	Silhouette_label	0.343063154199335	Cell_line_mixing	SnapATAC1	5e+05
1626	FNS	0.00502396814625007	Cell_line_mixing	SnapATAC1	5e+05
1627	cLISI_label	1.02399399690839	Cell_line_mixing	SnapATAC1	5e+05
1628	log_geary_c_knn	-1.83407740548331	Cell_line_mixing	SnapATAC1	5e+05
1629	avg_pwc_snn	0.00624529238665331	Cell_line_mixing	SnapATAC1	5e+05
1630	Silhouette_label	0.470059699568629	Cell_line_mixing	aggregation	5e+05
1631	FNS	0.0118718238580421	Cell_line_mixing	aggregation	5e+05
1632	cLISI_label	1.00560484079025	Cell_line_mixing	aggregation	5e+05
1633	log_geary_c_knn	-1.5935451743355	Cell_line_mixing	aggregation	5e+05
1634	avg_pwc_snn	0.00255758981997377	Cell_line_mixing	aggregation	5e+05
1635	Silhouette_label	0.312563389063033	Cell_line_mixing	SnapATAC2	5e+05
1636	FNS	0.0271291011930523	Cell_line_mixing	SnapATAC2	5e+05
1637	cLISI_label	1.03311536025171	Cell_line_mixing	SnapATAC2	5e+05
1638	log_geary_c_knn	-0.764115947992746	Cell_line_mixing	SnapATAC2	5e+05
1639	avg_pwc_snn	0.0102570081733209	Cell_line_mixing	SnapATAC2	5e+05
1640	Silhouette_label	0.389758687228194	candidate1	Signac	5e+05
1641	FNS	0.119010594505987	candidate1	Signac	5e+05
1642	cLISI_label	1.0082562998113	candidate1	Signac	5e+05
1643	log_geary_c_knn	-3.06366043435258	candidate1	Signac	5e+05
1644	avg_pwc_snn	0.0046693240891931	candidate1	Signac	5e+05
1645	Silhouette_label	0.433330025857766	candidate1	ArchR	5e+05
1646	FNS	0.0825048547539996	candidate1	ArchR	5e+05
1647	cLISI_label	1.00388701723756	candidate1	ArchR	5e+05
1648	log_geary_c_knn	-3.71473054566853	candidate1	ArchR	5e+05
1649	avg_pwc_snn	0.00132015592098941	candidate1	ArchR	5e+05
1650	Silhouette_label	0.345085128502172	candidate1	SnapATAC1	5e+05
1651	FNS	0.0473574402648044	candidate1	SnapATAC1	5e+05
1652	cLISI_label	1.02264890084621	candidate1	SnapATAC1	5e+05
1653	log_geary_c_knn	-2.49301049967005	candidate1	SnapATAC1	5e+05
1654	avg_pwc_snn	0.0143143066423571	candidate1	SnapATAC1	5e+05
1655	Silhouette_label	0.419470426852918	candidate1	aggregation	5e+05
1656	FNS	0.0352725717403357	candidate1	aggregation	5e+05
1657	cLISI_label	1.02214508284983	candidate1	aggregation	5e+05
1658	log_geary_c_knn	-2.1697148653908	candidate1	aggregation	5e+05
1659	avg_pwc_snn	0.0181890768830307	candidate1	aggregation	5e+05
1660	Silhouette_label	0.46304006996848	candidate1	SnapATAC2	5e+05
1661	FNS	0.0235126968643482	candidate1	SnapATAC2	5e+05
1662	cLISI_label	1.00856109946177	candidate1	SnapATAC2	5e+05
1663	log_geary_c_knn	-1.26865288565322	candidate1	SnapATAC2	5e+05
1664	avg_pwc_snn	0.00250518247828225	candidate1	SnapATAC2	5e+05
1665	Silhouette_label	0.238685321975441	candidate2	Signac	5e+05
1666	FNS	0.149548387701199	candidate2	Signac	5e+05
1667	cLISI_label	1.01363121141107	candidate2	Signac	5e+05
1668	log_geary_c_knn	-2.55535458837244	candidate2	Signac	5e+05
1669	avg_pwc_snn	0.00354156219259509	candidate2	Signac	5e+05
1670	Silhouette_label	0.218225943766181	candidate2	ArchR	5e+05
1671	FNS	0.181430917830606	candidate2	ArchR	5e+05
1672	cLISI_label	1.00595832445125	candidate2	ArchR	5e+05
1673	log_geary_c_knn	-4.6237857686087	candidate2	ArchR	5e+05
1674	avg_pwc_snn	0.00199408025085983	candidate2	ArchR	5e+05
1675	Silhouette_label	0.27829116860431	candidate2	SnapATAC1	5e+05
1676	FNS	0.0155716704095972	candidate2	SnapATAC1	5e+05
1677	cLISI_label	1.02234434470563	candidate2	SnapATAC1	5e+05
1678	log_geary_c_knn	-2.02620582925629	candidate2	SnapATAC1	5e+05
1679	avg_pwc_snn	0.00789426994284291	candidate2	SnapATAC1	5e+05
1680	Silhouette_label	0.325563594338597	candidate2	aggregation	5e+05
1681	FNS	0.0268623287272692	candidate2	aggregation	5e+05
1682	cLISI_label	1.02577903647306	candidate2	aggregation	5e+05
1683	log_geary_c_knn	-1.98779163735932	candidate2	aggregation	5e+05
1684	avg_pwc_snn	0.0103420290805381	candidate2	aggregation	5e+05
1685	Silhouette_label	0.304804761593738	candidate2	SnapATAC2	5e+05
1686	FNS	0.00997241427420333	candidate2	SnapATAC2	5e+05
1687	cLISI_label	1.01441862642329	candidate2	SnapATAC2	5e+05
1688	log_geary_c_knn	-1.02116434350456	candidate2	SnapATAC2	5e+05
1689	avg_pwc_snn	0.00300267599687718	candidate2	SnapATAC2	5e+05
1690	Silhouette_label	0.0211086130518392	Buenrostro_2018	Signac	5e+05
1691	FNS	0.307143304984248	Buenrostro_2018	Signac	5e+05
1692	cLISI_label	1.47759918504367	Buenrostro_2018	Signac	5e+05
1693	log_geary_c_knn	-1.69940752059557	Buenrostro_2018	Signac	5e+05
1694	avg_pwc_snn	0.202464514040731	Buenrostro_2018	Signac	5e+05
1695	Silhouette_label	-0.0483196873187194	Buenrostro_2018	ArchR	5e+05
1696	FNS	0.414901189799315	Buenrostro_2018	ArchR	5e+05
1697	cLISI_label	1.5206094526449	Buenrostro_2018	ArchR	5e+05
1698	log_geary_c_knn	-1.81294652341528	Buenrostro_2018	ArchR	5e+05
1699	avg_pwc_snn	0.261182419374309	Buenrostro_2018	ArchR	5e+05
1700	Silhouette_label	0.0454927568273175	Buenrostro_2018	SnapATAC1	5e+05
1701	FNS	0.266885716905	Buenrostro_2018	SnapATAC1	5e+05
1702	cLISI_label	1.63744277998098	Buenrostro_2018	SnapATAC1	5e+05
1703	log_geary_c_knn	-1.73743781887409	Buenrostro_2018	SnapATAC1	5e+05
1704	avg_pwc_snn	0.238919887036453	Buenrostro_2018	SnapATAC1	5e+05
1705	Silhouette_label	0.131459629858147	Buenrostro_2018	aggregation	5e+05
1706	FNS	0.189528742295275	Buenrostro_2018	aggregation	5e+05
1707	cLISI_label	1.38622860624104	Buenrostro_2018	aggregation	5e+05
1708	log_geary_c_knn	-1.63709681408305	Buenrostro_2018	aggregation	5e+05
1709	avg_pwc_snn	0.165668717432721	Buenrostro_2018	aggregation	5e+05
1710	Silhouette_label	0.111787477773893	Buenrostro_2018	SnapATAC2	5e+05
1711	FNS	0.202512430960586	Buenrostro_2018	SnapATAC2	5e+05
1712	cLISI_label	1.4326316098958	Buenrostro_2018	SnapATAC2	5e+05
1713	log_geary_c_knn	-0.572984221740369	Buenrostro_2018	SnapATAC2	5e+05
1714	avg_pwc_snn	0.183788479422624	Buenrostro_2018	SnapATAC2	5e+05
1715	Silhouette_label	-0.0608876147229223	Chen_2019	Signac	5e+05
1716	FNS	0.655087754118998	Chen_2019	Signac	5e+05
1717	cLISI_label	1.56693198774179	Chen_2019	Signac	5e+05
1718	log_geary_c_knn	-1.52045852356272	Chen_2019	Signac	5e+05
1719	avg_pwc_snn	0.565819514277471	Chen_2019	Signac	5e+05
1720	Silhouette_label	-0.105332550034427	Chen_2019	ArchR	5e+05
1721	FNS	0.648101602930739	Chen_2019	ArchR	5e+05
1722	cLISI_label	1.48970962061079	Chen_2019	ArchR	5e+05
1723	log_geary_c_knn	-1.6431748652548	Chen_2019	ArchR	5e+05
1724	avg_pwc_snn	0.54212851560063	Chen_2019	ArchR	5e+05
1725	Silhouette_label	0.0600968734227958	Chen_2019	SnapATAC1	5e+05
1726	FNS	0.321495196878189	Chen_2019	SnapATAC1	5e+05
1727	cLISI_label	1.53041764079037	Chen_2019	SnapATAC1	5e+05
1728	log_geary_c_knn	-0.406724675827253	Chen_2019	SnapATAC1	5e+05
1729	avg_pwc_snn	0.396723952989386	Chen_2019	SnapATAC1	5e+05
1730	Silhouette_label	0.100671705760336	Chen_2019	aggregation	5e+05
1731	FNS	0.381396657604348	Chen_2019	aggregation	5e+05
1732	cLISI_label	1.51835801936407	Chen_2019	aggregation	5e+05
1733	log_geary_c_knn	-1.33343313461203	Chen_2019	aggregation	5e+05
1734	avg_pwc_snn	0.53335669538924	Chen_2019	aggregation	5e+05
1735	Silhouette_label	0.0694288530277274	Chen_2019	SnapATAC2	5e+05
1736	FNS	0.343611508191898	Chen_2019	SnapATAC2	5e+05
1737	cLISI_label	1.72413855417583	Chen_2019	SnapATAC2	5e+05
1738	log_geary_c_knn	-0.430086109725564	Chen_2019	SnapATAC2	5e+05
1739	avg_pwc_snn	0.507816685838662	Chen_2019	SnapATAC2	5e+05
1740	Silhouette_label	0.133994468946838	PBMC_multiomics	Signac	5e+05
1741	FNS	0.247553088753457	PBMC_multiomics	Signac	5e+05
1742	cLISI_label	1.22824783932329	PBMC_multiomics	Signac	5e+05
1743	log_geary_c_knn	-1.96374271409435	PBMC_multiomics	Signac	5e+05
1744	avg_pwc_snn	0.194221040108211	PBMC_multiomics	Signac	5e+05
1745	Silhouette_label	0.22296522969559	PBMC_multiomics	ArchR	5e+05
1746	FNS	0.217673395983986	PBMC_multiomics	ArchR	5e+05
1747	cLISI_label	1.21326724574748	PBMC_multiomics	ArchR	5e+05
1748	log_geary_c_knn	-3.11629104536574	PBMC_multiomics	ArchR	5e+05
1749	avg_pwc_snn	0.197818588160451	PBMC_multiomics	ArchR	5e+05
1750	Silhouette_label	0.156794792118115	PBMC_multiomics	SnapATAC1	5e+05
1751	FNS	0.189313523684677	PBMC_multiomics	SnapATAC1	5e+05
1752	cLISI_label	1.24469079158318	PBMC_multiomics	SnapATAC1	5e+05
1753	log_geary_c_knn	-2.61831418433919	PBMC_multiomics	SnapATAC1	5e+05
1754	avg_pwc_snn	0.20889635002563	PBMC_multiomics	SnapATAC1	5e+05
1755	Silhouette_label	0.131645339259933	PBMC_multiomics	aggregation	5e+05
1756	FNS	0.190285872352536	PBMC_multiomics	aggregation	5e+05
1757	cLISI_label	1.271430827801	PBMC_multiomics	aggregation	5e+05
1758	log_geary_c_knn	-1.33092449426139	PBMC_multiomics	aggregation	5e+05
1759	avg_pwc_snn	0.238662725564615	PBMC_multiomics	aggregation	5e+05
1760	Silhouette_label	0.171817068213437	PBMC_multiomics	SnapATAC2	5e+05
1761	FNS	0.214909532106707	PBMC_multiomics	SnapATAC2	5e+05
1762	cLISI_label	1.21867241242022	PBMC_multiomics	SnapATAC2	5e+05
1763	log_geary_c_knn	-0.474570366400783	PBMC_multiomics	SnapATAC2	5e+05
1764	avg_pwc_snn	0.194383800381465	PBMC_multiomics	SnapATAC2	5e+05
